,phoneNumber,age,gender,planType,tenure,deviceOwned,numCalls,numSMS,dataUsage,monthlyFee,totalFee,overduePay,barSuspend,creditScore,resultPred
0,335 348 1576,37,Female,Postpaid,1,1,34,21,54.79,54.61,54.61,1.0,0.0,33,Rejected
1,923 638 7765,53,Male,Postpaid,1,1,22,18,48.92,79.11,79.11,0.0,3.0,36,Rejected
2,541 662 7414,59,Male,Postpaid,2,1,4,102,130.78,72.75,2902.79,0.0,1.0,8,Rejected
3,283 866 6879,38,Male,Postpaid,2,1,53,60,160.65,33.55,1549.6,0.0,3.0,10,Rejected
4,695 593 8549,57,Male,Postpaid,2,1,141,25,88.63,53.43,2010.63,0.0,0.0,24,Rejected
5,448 928 4710,25,Female,Postpaid,3,1,121,68,113.89,93.0,1479.55,0.0,0.0,48,Rejected
6,400 343 9777,34,Male,Prepaid,4,1,57,180,110.18,52.15,1322.15,0.0,2.0,46,Rejected
7,652 417 3600,23,Male,Prepaid,5,1,87,157,50.83,59.98,2961.62,1.0,0.0,29,Rejected
8,824 155 3755,23,Female,Postpaid,5,1,124,98,153.4,41.77,1150.52,0.0,0.0,27,Rejected
9,176 788 5199,31,Female,Postpaid,6,1,83,157,105.69,68.82,1388.21,3.0,1.0,30,Rejected
10,315 607 1868,40,Male,Prepaid,6,1,151,105,29.53,88.31,2704.32,2.0,0.0,47,Rejected
11,437 971 7204,31,Female,Postpaid,6,1,47,177,55.37,100.66,732.09,0.0,1.0,44,Rejected
12,889 774 7488,37,Male,Postpaid,7,1,160,50,119.31,103.62,201.16,0.0,0.0,16,Rejected
13,750 555 9080,52,Male,Postpaid,7,1,73,112,121.83,39.13,2941.87,2.0,0.0,26,Rejected
14,277 893 7811,32,Male,Prepaid,7,1,5,66,199.95,107.54,707.17,3.0,1.0,8,Rejected
15,940 680 6824,22,Male,Postpaid,9,1,184,40,175.71,72.18,1484.93,0.0,0.0,48,Rejected
16,479 145 4918,21,Female,Postpaid,10,1,72,195,155.82,31.47,3351.39,2.0,3.0,12,Rejected
17,816 834 3726,52,Male,Postpaid,10,1,181,186,17.08,94.98,1200.22,0.0,3.0,44,Rejected
18,928 208 5787,31,Female,Postpaid,11,1,143,86,144.07,89.68,513.9,1.0,0.0,31,Rejected
19,602 605 4542,59,Female,Prepaid,12,1,171,67,71.53,42.69,1674.2,2.0,0.0,33,Rejected
20,459 315 6649,40,Female,Prepaid,12,1,141,57,45.18,81.6,381.34,3.0,0.0,33,Rejected
21,796 886 3075,44,Male,Postpaid,12,1,169,102,17.87,92.04,2956.71,1.0,0.0,47,Rejected
22,666 510 8498,35,Female,Prepaid,12,1,200,164,23.79,49.17,2687.55,0.0,0.0,41,Rejected
23,796 520 1505,34,Female,Postpaid,14,1,40,81,151.82,33.2,1703.8,0.0,3.0,20,Rejected
24,535 951 0642,22,Male,Postpaid,14,1,7,196,199.88,53.92,843.6,0.0,3.0,39,Rejected
25,875 756 1911,33,Male,Prepaid,14,1,158,139,88.49,31.83,490.3,1.0,0.0,3,Rejected
26,774 595 6730,26,Female,Postpaid,15,1,126,87,90.25,75.16,1231.98,1.0,0.0,40,Rejected
27,382 941 0832,52,Male,Postpaid,15,1,36,103,94.09,49.72,1828.98,1.0,1.0,49,Rejected
28,877 680 6430,48,Male,Postpaid,15,1,151,123,52.56,53.14,3010.57,0.0,0.0,16,Rejected
29,138 993 6794,53,Male,Prepaid,16,1,11,113,56.02,108.55,2720.15,0.0,0.0,48,Rejected
30,475 786 0409,35,Male,Postpaid,16,1,166,23,164.2,70.34,826.33,1.0,0.0,27,Rejected
31,875 557 0712,21,Male,Prepaid,17,1,8,164,28.11,73.06,584.95,0.0,0.0,15,Rejected
32,454 805 4122,29,Female,Postpaid,18,1,151,200,119.48,37.0,1060.35,0.0,0.0,2,Rejected
33,466 521 9902,42,Male,Postpaid,18,1,178,139,162.23,103.74,1859.78,1.0,0.0,18,Rejected
34,257 338 1450,40,Male,Postpaid,20,1,9,165,145.2,107.49,1651.45,0.0,0.0,22,Rejected
35,547 212 7366,35,Male,Postpaid,20,1,93,35,66.88,100.66,3120.41,1.0,0.0,19,Rejected
36,761 223 3048,18,Male,Postpaid,21,1,161,23,44.23,79.38,3434.56,2.0,0.0,37,Rejected
37,176 215 3621,26,Female,Postpaid,21,1,60,162,100.57,87.09,3304.88,1.0,1.0,10,Rejected
38,387 499 9082,50,Male,Postpaid,21,1,82,163,26.61,68.79,1658.04,0.0,0.0,43,Rejected
39,494 704 6852,48,Male,Prepaid,21,1,77,44,163.49,78.45,1795.72,3.0,3.0,33,Rejected
40,794 476 6803,33,Male,Postpaid,22,1,189,98,132.94,48.66,703.36,1.0,0.0,46,Rejected
41,504 623 6432,21,Male,Postpaid,24,1,5,27,99.82,52.92,1695.3,0.0,0.0,49,Rejected
42,668 991 5749,33,Male,Prepaid,24,1,36,88,117.5,41.4,3533.69,0.0,0.0,21,Rejected
43,873 446 4173,32,Female,Postpaid,24,1,67,47,66.32,108.58,2125.71,1.0,0.0,42,Rejected
44,925 538 0479,53,Male,Postpaid,25,1,125,99,148.76,104.07,1040.52,0.0,0.0,100,Approved
45,992 405 2275,28,Male,Prepaid,25,1,87,161,17.64,35.13,1026.61,0.0,1.0,81,Approved
46,560 563 4981,32,Male,Postpaid,25,1,48,172,49.01,64.26,3542.58,0.0,0.0,89,Approved
47,919 551 1873,39,Male,Postpaid,25,1,65,166,189.13,60.06,418.11,1.0,0.0,76,Approved
48,250 297 8584,22,Male,Postpaid,26,1,119,191,51.01,63.2,485.47,0.0,0.0,95,Approved
49,778 297 0723,58,Female,Prepaid,26,1,156,121,20.83,52.64,2691.24,2.0,0.0,65,Approved
50,220 158 2476,41,Female,Postpaid,26,1,1,25,181.76,54.3,1489.36,0.0,0.0,88,Approved
51,240 933 5789,28,Male,Postpaid,27,1,56,9,193.34,53.11,1508.86,0.0,0.0,85,Approved
52,951 109 8054,26,Female,Postpaid,28,1,88,82,54.43,83.82,2855.7,0.0,1.0,69,Approved
53,600 271 4012,37,Male,Postpaid,29,1,131,111,99.48,79.63,1588.75,1.0,0.0,72,Approved
54,321 359 6302,28,Male,Postpaid,29,1,77,76,86.59,70.47,3212.89,0.0,0.0,86,Approved
55,863 342 7274,28,Female,Postpaid,29,1,103,165,192.03,41.97,2279.78,0.0,0.0,85,Approved
56,775 623 4282,59,Female,Postpaid,30,1,117,37,95.16,99.74,2252.47,0.0,0.0,81,Approved
57,207 116 0619,58,Female,Prepaid,30,1,42,63,60.19,59.28,1774.84,0.0,0.0,90,Approved
58,553 281 5191,55,Female,Prepaid,30,1,133,86,197.37,64.73,3596.58,0.0,1.0,61,Approved
59,416 369 7518,50,Male,Postpaid,30,1,157,142,43.06,30.97,3491.53,3.0,0.0,47,Rejected
60,804 767 4839,44,Female,Postpaid,31,1,167,50,1.9,44.95,3447.35,2.0,0.0,62,Approved
61,544 919 4082,54,Male,Postpaid,32,1,39,148,91.87,57.53,2285.96,0.0,0.0,66,Approved
62,794 748 7537,34,Male,Postpaid,32,1,9,154,92.72,91.9,1442.93,0.0,0.0,69,Approved
63,497 667 0109,35,Female,Prepaid,33,1,194,143,177.95,81.25,399.18,0.0,0.0,72,Approved
64,757 117 2820,49,Female,Postpaid,33,1,68,87,13.44,59.43,1721.28,3.0,0.0,45,Rejected
65,919 768 7886,54,Male,Prepaid,33,1,14,17,135.56,87.92,1496.79,0.0,0.0,84,Approved
66,872 754 7512,26,Female,Postpaid,33,1,187,123,40.44,91.04,2440.72,0.0,0.0,83,Approved
67,429 517 4230,43,Female,Postpaid,33,1,98,39,182.69,44.16,640.29,1.0,0.0,63,Approved
68,871 898 0279,24,Female,Postpaid,34,1,24,191,192.67,57.86,3054.6,1.0,0.0,69,Approved
69,201 486 2830,25,Male,Postpaid,37,1,7,152,195.79,42.15,789.37,0.0,1.0,59,Approved
70,853 599 0756,56,Female,Postpaid,37,1,40,20,83.85,103.96,361.99,0.0,0.0,70,Approved
71,714 816 9717,38,Male,Postpaid,38,1,33,26,174.17,58.82,2511.29,0.0,0.0,64,Approved
72,262 687 0198,22,Male,Postpaid,39,1,172,93,176.59,74.85,1572.34,0.0,1.0,55,Approved
73,910 956 3208,56,Male,Prepaid,39,1,30,58,165.52,80.25,1721.3,0.0,1.0,59,Approved
74,631 894 2086,41,Male,Postpaid,40,1,5,105,103.33,47.25,809.36,0.0,0.0,80,Approved
75,416 830 6749,31,Male,Postpaid,40,1,18,46,2.11,78.52,1646.62,0.0,0.0,88,Approved
76,946 232 0067,56,Male,Postpaid,41,1,39,64,171.65,64.63,2349.5,0.0,3.0,5,Rejected
77,172 440 1903,49,Male,Postpaid,42,1,48,8,156.48,50.62,3172.46,0.0,0.0,73,Approved
78,655 745 7215,60,Male,Postpaid,42,1,124,115,139.09,35.02,31.13,3.0,1.0,34,Rejected
79,383 631 5785,32,Female,Postpaid,43,1,89,37,120.63,71.83,3194.86,0.0,0.0,77,Approved
80,351 671 1275,57,Female,Postpaid,44,1,143,93,162.31,60.05,332.91,0.0,0.0,62,Approved
81,419 435 0017,53,Female,Postpaid,45,1,188,142,157.66,73.34,547.6,0.0,0.0,91,Approved
82,871 133 4569,33,Male,Prepaid,47,1,96,140,66.3,36.77,1983.52,0.0,0.0,77,Approved
83,734 210 7286,25,Male,Postpaid,49,1,136,195,4.26,35.18,1033.82,0.0,0.0,67,Approved
84,428 739 3653,22,Male,Postpaid,50,1,161,90,172.93,54.45,3251.35,3.0,1.0,10,Rejected
85,822 588 8539,38,Female,Postpaid,50,1,200,92,88.99,73.71,3277.46,1.0,0.0,71,Approved
86,344 845 2540,35,Male,Prepaid,52,1,34,100,6.61,49.9,2480.05,2.0,1.0,51,Approved
87,135 878 4111,46,Female,Postpaid,52,1,12,60,135.47,79.44,2952.42,0.0,1.0,58,Approved
88,814 223 7178,47,Female,Postpaid,53,1,56,9,135.8,63.55,2425.5,0.0,0.0,80,Approved
89,673 952 2863,22,Male,Postpaid,55,1,96,141,183.12,105.82,2918.1,0.0,0.0,71,Approved
90,259 815 1206,37,Male,Prepaid,56,1,52,79,100.59,90.56,2754.66,0.0,0.0,91,Approved
91,689 380 6077,33,Male,Postpaid,57,1,43,87,156.05,99.87,2471.31,0.0,0.0,84,Approved
92,672 229 1159,53,Male,Postpaid,57,1,104,24,146.89,60.63,1192.4,0.0,0.0,80,Approved
93,734 682 5528,41,Male,Prepaid,57,1,155,177,100.73,42.79,2553.0,2.0,0.0,55,Approved
94,609 149 6167,36,Male,Postpaid,57,1,89,32,115.89,107.78,3473.78,0.0,0.0,77,Approved
95,201 905 0055,33,Male,Prepaid,58,1,135,192,18.84,105.78,968.75,0.0,1.0,60,Approved
96,848 865 2534,52,Male,Prepaid,58,1,9,171,176.46,84.34,2160.65,2.0,0.0,57,Approved
97,393 614 1581,26,Female,Postpaid,61,1,112,28,24.41,65.66,791.03,0.0,1.0,53,Approved
98,160 173 4576,38,Male,Postpaid,61,1,116,129,70.76,96.57,211.93,3.0,2.0,13,Rejected
99,398 336 0652,33,Female,Postpaid,61,1,165,119,70.02,78.34,1727.73,0.0,0.0,83,Approved
100,682 644 2326,31,Female,Postpaid,61,1,151,32,65.69,43.84,3321.04,1.0,0.0,74,Approved
101,200 594 1093,54,Female,Postpaid,61,1,96,166,125.51,91.97,2779.98,2.0,2.0,36,Rejected
102,857 373 7248,58,Female,Postpaid,62,1,2,191,64.13,91.55,3516.59,0.0,0.0,82,Approved
103,414 913 1204,42,Female,Postpaid,62,1,160,42,76.89,84.06,1493.42,0.0,0.0,95,Approved
104,241 664 5492,48,Male,Postpaid,62,1,147,183,186.01,106.51,3413.37,2.0,0.0,55,Approved
105,447 959 9852,56,Female,Postpaid,62,1,164,131,18.53,69.3,883.34,0.0,0.0,91,Approved
106,887 515 6884,52,Male,Postpaid,63,1,185,193,119.82,49.86,2200.2,0.0,0.0,75,Approved
107,419 427 3702,28,Female,Postpaid,63,1,164,146,126.27,59.49,909.19,1.0,0.0,74,Approved
108,220 514 9713,42,Male,Prepaid,64,1,10,124,58.97,60.34,2504.9,0.0,1.0,54,Approved
109,515 325 2117,23,Female,Prepaid,64,1,199,102,52.3,32.77,3005.93,3.0,0.0,38,Rejected
110,514 688 1772,21,Male,Postpaid,65,1,156,21,125.87,104.22,2777.37,0.0,0.0,73,Approved
111,953 939 8438,51,Male,Postpaid,66,1,50,67,74.68,109.19,1498.19,0.0,0.0,88,Approved
112,532 563 7951,48,Male,Prepaid,66,1,193,70,94.26,87.97,1936.43,0.0,0.0,90,Approved
113,793 441 8758,19,Male,Prepaid,66,1,21,13,110.13,35.02,2582.15,0.0,0.0,74,Approved
114,926 928 0491,42,Male,Prepaid,67,1,13,163,126.83,73.44,3376.98,2.0,0.0,57,Approved
115,292 300 1001,24,Female,Postpaid,68,1,53,6,113.58,30.06,595.44,0.0,0.0,91,Approved
116,507 124 5881,34,Male,Prepaid,69,1,94,55,35.39,87.14,1234.51,0.0,0.0,63,Approved
117,603 713 6658,44,Female,Postpaid,69,1,175,156,168.24,73.01,188.68,0.0,0.0,84,Approved
118,611 479 6388,30,Female,Prepaid,72,1,100,194,130.85,71.44,196.68,0.0,0.0,73,Approved
119,754 220 1197,35,Female,Prepaid,72,1,71,31,115.6,93.58,3277.04,0.0,0.0,92,Approved
120,582 218 8424,47,Male,Postpaid,73,1,131,178,160.32,51.28,1219.48,0.0,1.0,72,Approved
121,167 719 8446,23,Female,Prepaid,74,1,146,33,2.72,95.51,3164.75,1.0,0.0,74,Approved
122,812 380 3325,36,Male,Postpaid,75,1,82,36,29.24,52.64,494.35,0.0,0.0,100,Approved
123,854 395 5418,60,Male,Postpaid,75,1,52,68,172.04,102.53,1965.92,0.0,1.0,62,Approved
124,185 810 4839,32,Male,Prepaid,78,1,179,55,52.36,42.66,2328.02,1.0,0.0,77,Approved
125,997 935 1823,29,Male,Prepaid,80,1,144,4,85.26,58.82,581.25,1.0,0.0,74,Approved
126,662 950 0881,36,Female,Postpaid,80,1,49,83,199.22,105.86,2545.74,3.0,1.0,19,Rejected
127,808 369 3834,23,Male,Postpaid,82,1,115,95,56.59,91.79,2930.22,0.0,0.0,81,Approved
128,923 149 2739,47,Female,Postpaid,83,1,172,197,98.09,33.08,2775.86,0.0,1.0,70,Approved
129,952 721 0865,38,Male,Postpaid,84,1,139,3,121.63,87.53,212.68,3.0,2.0,20,Rejected
130,980 304 8781,39,Female,Prepaid,84,1,157,63,159.68,82.12,1121.37,0.0,0.0,90,Approved
131,221 927 1005,20,Male,Prepaid,84,1,55,75,108.04,56.57,1478.97,1.0,1.0,62,Approved
132,628 191 7447,35,Female,Postpaid,85,1,82,146,101.06,84.53,682.92,0.0,1.0,82,Approved
133,436 345 7113,49,Female,Postpaid,87,1,12,89,25.3,36.15,3289.91,1.0,0.0,94,Approved
134,829 171 5710,31,Male,Prepaid,88,1,188,7,132.78,65.88,3392.36,0.0,0.0,71,Approved
135,121 776 8816,22,Female,Postpaid,89,1,69,146,175.4,44.62,2614.41,0.0,0.0,88,Approved
136,903 741 6447,24,Male,Postpaid,90,1,47,146,143.91,94.41,3355.86,0.0,0.0,83,Approved
137,939 760 5992,59,Female,Postpaid,92,1,177,117,124.32,37.22,3116.33,0.0,0.0,80,Approved
138,483 886 8591,35,Female,Prepaid,93,1,173,58,41.92,44.8,3132.58,2.0,0.0,59,Approved
139,567 261 7967,34,Female,Postpaid,94,1,112,96,151.13,70.8,2521.89,0.0,0.0,75,Approved
140,718 436 4804,20,Male,Postpaid,94,1,70,107,5.26,99.49,2214.31,0.0,2.0,18,Rejected
141,312 534 4437,43,Male,Postpaid,95,1,56,69,13.1,88.75,1608.01,1.0,1.0,66,Approved
142,624 655 9714,27,Male,Prepaid,95,1,112,15,53.04,100.23,1061.02,3.0,0.0,25,Rejected
143,380 609 0871,26,Male,Postpaid,96,1,155,126,181.51,30.54,2151.47,0.0,3.0,35,Rejected
144,460 139 8008,52,Female,Postpaid,97,1,86,60,24.34,63.56,2905.54,0.0,0.0,70,Approved
145,311 268 4066,56,Male,Prepaid,99,1,57,179,128.77,89.16,1307.52,2.0,2.0,40,Rejected
146,658 693 0877,58,Male,Prepaid,99,1,171,31,92.56,89.75,1162.69,3.0,1.0,8,Rejected
147,219 455 5475,18,Male,Prepaid,100,1,52,65,98.82,78.28,1897.41,0.0,0.0,81,Approved
148,367 351 1836,51,Male,Postpaid,100,1,85,134,137.63,67.24,1027.16,2.0,0.0,57,Approved
149,682 308 9448,59,Female,Postpaid,100,1,113,9,95.71,40.49,1008.58,0.0,0.0,86,Approved
150,589 434 8947,31,Male,Postpaid,101,1,113,4,26.32,93.29,2236.26,3.0,0.0,38,Rejected
151,297 737 6952,22,Female,Prepaid,102,1,171,186,113.91,88.67,702.58,0.0,0.0,69,Approved
152,219 146 1166,51,Female,Prepaid,103,1,109,46,38.24,100.23,2000.01,0.0,0.0,74,Approved
153,851 336 4421,19,Male,Prepaid,103,1,76,60,8.82,56.38,812.22,1.0,1.0,65,Approved
154,890 739 0031,34,Female,Postpaid,105,1,158,5,117.87,50.66,2323.23,0.0,1.0,71,Approved
155,503 618 4382,40,Female,Postpaid,106,1,185,145,96.38,75.67,2254.97,0.0,0.0,78,Approved
156,491 430 6535,53,Male,Postpaid,106,1,171,198,80.07,67.76,466.53,3.0,0.0,48,Approved
157,440 152 1971,58,Female,Prepaid,107,1,26,35,59.01,75.75,785.82,0.0,0.0,100,Approved
158,378 290 9707,45,Male,Postpaid,107,1,132,57,64.4,56.13,1368.72,1.0,1.0,67,Approved
159,399 701 2234,38,Male,Postpaid,108,1,131,37,138.48,59.07,1797.88,0.0,0.0,99,Approved
160,303 418 6886,19,Female,Postpaid,108,1,75,153,129.03,67.07,1067.64,1.0,0.0,71,Approved
161,644 228 8786,40,Male,Prepaid,109,1,101,9,124.92,31.8,2373.04,2.0,0.0,66,Approved
162,868 397 2519,46,Female,Postpaid,109,1,179,19,19.21,93.48,2925.23,0.0,0.0,82,Approved
163,703 784 9415,56,Male,Postpaid,111,1,142,30,5.84,109.8,2705.9,0.0,0.0,70,Approved
164,119 351 2141,41,Male,Prepaid,113,1,64,185,143.57,51.64,3561.57,0.0,0.0,97,Approved
165,559 710 5149,25,Female,Postpaid,113,1,105,200,52.77,62.59,1984.31,0.0,0.0,94,Approved
166,911 625 6521,60,Male,Postpaid,113,1,150,119,67.63,40.52,2878.21,1.0,3.0,5,Rejected
167,829 711 1859,33,Female,Postpaid,113,1,19,77,67.15,107.48,2581.74,0.0,0.0,87,Approved
168,139 301 9675,60,Male,Postpaid,114,1,62,60,83.13,39.7,2613.22,1.0,0.0,71,Approved
169,443 726 8661,22,Male,Prepaid,115,1,161,134,11.12,104.12,2720.75,0.0,0.0,84,Approved
170,591 970 5407,49,Female,Prepaid,115,1,176,105,198.6,82.13,3009.04,0.0,0.0,81,Approved
171,471 739 4170,47,Female,Prepaid,116,1,131,190,166.02,67.38,931.41,0.0,0.0,94,Approved
172,260 975 6221,57,Female,Postpaid,116,1,29,23,115.53,34.89,585.44,1.0,1.0,63,Approved
173,841 478 1173,35,Male,Postpaid,117,1,17,137,154.44,89.49,527.85,3.0,0.0,28,Rejected
174,421 442 3562,36,Male,Postpaid,118,1,20,167,181.43,78.3,2218.71,0.0,0.0,93,Approved
175,590 381 6861,56,Male,Postpaid,118,1,151,15,130.63,93.88,230.4,0.0,0.0,60,Approved
176,120 978 9780,59,Female,Postpaid,119,1,137,27,145.9,59.74,3113.55,2.0,0.0,59,Approved
177,304 700 7979,39,Female,Prepaid,119,1,12,36,62.69,44.6,1054.26,2.0,2.0,10,Rejected
178,465 445 8112,39,Male,Postpaid,120,1,5,193,143.68,42.48,2622.04,0.0,0.0,88,Approved
179,986 818 7783,20,Male,Postpaid,121,1,184,60,39.72,89.73,2039.43,0.0,0.0,72,Approved
180,789 957 6932,57,Male,Postpaid,122,1,21,70,5.98,33.17,1746.54,0.0,2.0,17,Rejected
181,812 986 0429,25,Male,Prepaid,123,1,117,170,149.26,107.91,2154.16,0.0,0.0,75,Approved
182,778 975 1881,37,Male,Prepaid,123,1,96,69,85.2,69.59,3088.13,0.0,1.0,55,Approved
183,308 542 3158,45,Male,Postpaid,123,1,8,170,103.83,35.13,696.16,0.0,1.0,51,Approved
184,655 120 0025,25,Male,Postpaid,124,1,70,112,29.96,81.04,938.07,3.0,1.0,46,Rejected
185,407 700 0242,55,Male,Prepaid,125,1,10,98,182.96,105.76,1006.14,1.0,3.0,39,Rejected
186,490 411 1070,23,Male,Postpaid,125,1,172,36,12.93,66.12,1811.1,0.0,0.0,90,Approved
187,579 417 9335,30,Female,Postpaid,125,1,126,165,7.04,92.21,320.43,0.0,1.0,69,Approved
188,325 979 0870,52,Male,Postpaid,126,1,62,97,46.68,66.1,2321.72,0.0,0.0,88,Approved
189,349 862 9004,30,Female,Postpaid,127,1,163,1,82.83,86.49,448.77,1.0,1.0,54,Approved
190,838 265 0054,46,Female,Postpaid,129,1,126,177,180.7,69.71,3408.23,2.0,0.0,62,Approved
191,417 950 0320,54,Male,Postpaid,129,1,49,22,183.44,84.79,629.95,0.0,0.0,84,Approved
192,236 566 6001,18,Female,Postpaid,130,1,141,145,22.38,44.31,1933.7,3.0,0.0,49,Rejected
193,399 478 6849,31,Female,Postpaid,130,1,35,133,64.69,33.37,3030.38,0.0,0.0,91,Approved
194,338 369 6276,40,Male,Postpaid,131,1,188,87,26.8,35.85,2279.52,2.0,0.0,57,Approved
195,581 191 9500,38,Male,Postpaid,131,1,192,69,185.03,77.25,906.54,0.0,0.0,76,Approved
196,223 982 4110,28,Male,Postpaid,132,1,59,183,121.38,41.41,1876.77,0.0,0.0,85,Approved
197,366 723 3383,37,Male,Prepaid,133,1,136,15,123.23,54.12,1278.55,1.0,3.0,26,Rejected
198,451 677 0272,27,Male,Prepaid,134,1,6,132,124.6,35.57,2743.07,0.0,3.0,21,Rejected
199,173 634 3140,24,Female,Postpaid,135,1,156,98,95.62,67.24,2310.33,0.0,1.0,63,Approved
200,949 104 2659,18,Female,Prepaid,136,1,101,26,48.75,92.31,3233.31,0.0,1.0,51,Approved
201,671 221 3792,35,Female,Postpaid,137,1,65,44,91.37,60.64,1006.34,0.0,0.0,79,Approved
202,199 142 9025,50,Male,Postpaid,139,1,179,56,72.71,75.59,746.98,3.0,0.0,18,Rejected
203,436 447 7341,46,Female,Prepaid,139,1,171,46,132.99,71.08,185.58,1.0,0.0,83,Approved
204,789 687 8456,54,Male,Postpaid,139,1,193,10,7.33,68.33,1551.99,1.0,0.0,77,Approved
205,800 703 8005,23,Male,Postpaid,140,1,200,161,198.25,67.89,1223.68,1.0,0.0,71,Approved
206,297 881 4138,22,Male,Postpaid,141,1,44,11,32.56,108.99,3356.99,0.0,0.0,82,Approved
207,651 122 9701,30,Male,Postpaid,142,1,157,126,122.28,53.87,2181.31,1.0,1.0,55,Approved
208,774 978 4577,54,Female,Prepaid,142,1,119,168,46.41,92.59,3525.68,0.0,0.0,94,Approved
209,107 730 2690,25,Female,Postpaid,142,1,145,138,58.34,70.05,658.18,1.0,0.0,69,Approved
210,457 246 9428,29,Female,Prepaid,142,1,194,196,149.73,37.96,606.49,0.0,0.0,82,Approved
211,848 493 7239,45,Male,Postpaid,142,1,47,146,105.16,80.22,79.09,1.0,0.0,72,Approved
212,771 686 3965,36,Female,Postpaid,142,1,145,97,115.74,66.66,3365.67,0.0,0.0,83,Approved
213,462 957 3529,20,Female,Prepaid,145,1,21,158,119.02,70.94,952.2,0.0,3.0,21,Rejected
214,135 738 6544,23,Male,Prepaid,145,1,188,62,6.34,34.51,2418.51,0.0,0.0,74,Approved
215,738 540 1422,48,Female,Postpaid,146,1,77,55,39.32,69.19,256.43,0.0,0.0,69,Approved
216,830 107 2223,36,Male,Postpaid,146,1,107,99,146.32,97.9,1046.02,0.0,0.0,88,Approved
217,976 237 8661,25,Male,Postpaid,146,1,163,174,80.36,88.95,1294.45,1.0,0.0,64,Approved
218,424 984 0452,49,Male,Prepaid,147,1,133,18,123.4,97.01,276.45,3.0,1.0,16,Rejected
219,887 170 2196,36,Female,Postpaid,148,1,129,97,179.52,32.35,2639.02,3.0,0.0,23,Rejected
220,538 199 6051,39,Female,Postpaid,148,1,56,189,15.19,90.4,2196.86,0.0,0.0,99,Approved
221,126 392 6419,21,Female,Postpaid,149,1,162,17,76.29,102.81,2954.11,0.0,0.0,100,Approved
222,919 774 7588,22,Female,Postpaid,149,1,115,160,193.16,36.73,302.34,0.0,0.0,77,Approved
223,239 593 4456,23,Male,Prepaid,150,1,125,33,80.44,52.51,2558.66,3.0,0.0,33,Rejected
224,675 351 9280,60,Female,Prepaid,150,1,87,113,73.53,42.36,961.3,0.0,0.0,70,Approved
225,167 957 3132,25,Female,Postpaid,150,1,99,128,22.87,62.28,2293.51,0.0,0.0,86,Approved
226,738 915 4981,35,Male,Postpaid,151,1,176,161,98.15,90.31,2822.56,3.0,0.0,22,Rejected
227,460 937 8383,39,Female,Postpaid,152,1,170,148,148.99,39.84,3370.4,3.0,2.0,4,Rejected
228,209 957 8886,43,Male,Postpaid,153,1,194,63,38.82,94.78,215.55,3.0,0.0,15,Rejected
229,577 328 5548,40,Female,Prepaid,153,1,191,192,126.67,87.48,363.61,1.0,3.0,27,Rejected
230,714 985 7591,44,Female,Postpaid,154,1,111,22,122.18,84.69,1336.72,3.0,0.0,11,Rejected
231,810 274 5897,52,Male,Postpaid,155,1,103,21,151.48,109.89,69.55,0.0,0.0,77,Approved
232,786 541 0288,33,Male,Postpaid,155,1,97,60,143.04,59.75,1403.21,1.0,2.0,16,Rejected
233,988 672 5034,38,Male,Postpaid,155,1,116,168,129.57,57.39,93.61,1.0,1.0,54,Approved
234,799 454 4972,45,Male,Prepaid,157,1,199,73,50.5,33.02,2616.43,0.0,0.0,91,Approved
235,649 676 1038,22,Male,Postpaid,158,1,171,164,121.81,39.23,2699.79,0.0,0.0,93,Approved
236,447 125 8642,59,Female,Prepaid,158,1,14,31,121.16,108.88,2633.32,0.0,3.0,29,Rejected
237,173 814 1735,51,Female,Prepaid,159,1,148,3,130.09,35.56,1685.31,0.0,0.0,85,Approved
238,712 625 1867,28,Female,Postpaid,160,1,179,124,87.63,48.64,1608.97,0.0,0.0,74,Approved
239,623 871 3854,32,Female,Postpaid,160,1,199,20,109.13,64.36,279.06,2.0,0.0,57,Approved
240,875 998 5992,36,Female,Postpaid,160,1,104,75,30.25,30.46,1292.14,3.0,0.0,38,Rejected
241,369 375 3662,31,Female,Postpaid,160,1,1,164,26.14,42.55,795.7,0.0,1.0,55,Approved
242,589 685 9801,55,Female,Postpaid,161,1,4,16,176.27,94.56,1569.61,0.0,3.0,14,Rejected
243,955 117 5014,55,Female,Postpaid,161,1,122,76,143.21,97.93,2729.04,0.0,2.0,30,Rejected
244,690 783 4147,41,Female,Prepaid,161,1,61,93,89.64,95.06,273.55,3.0,0.0,1,Rejected
245,900 507 5846,55,Male,Postpaid,162,1,1,148,133.77,44.71,2361.39,1.0,2.0,43,Rejected
246,265 635 0636,44,Female,Postpaid,162,1,74,55,160.22,81.71,1005.46,2.0,0.0,59,Approved
247,437 115 3447,21,Male,Postpaid,162,1,84,183,9.03,56.75,3432.92,0.0,0.0,84,Approved
248,886 651 8589,38,Male,Prepaid,162,1,177,149,185.73,40.16,2866.78,0.0,3.0,34,Rejected
249,466 719 9079,40,Female,Postpaid,163,1,162,1,106.59,94.16,1848.73,0.0,0.0,82,Approved
250,364 658 0148,54,Female,Postpaid,163,1,126,123,120.63,97.83,2319.19,0.0,0.0,80,Approved
251,158 626 3195,28,Male,Postpaid,164,1,59,26,159.43,49.2,2621.97,0.0,0.0,98,Approved
252,211 125 7290,49,Female,Prepaid,164,1,45,69,150.21,62.22,311.61,2.0,0.0,67,Approved
253,759 449 9251,28,Male,Prepaid,164,1,178,56,127.62,85.66,3006.43,0.0,0.0,96,Approved
254,567 486 3537,39,Male,Postpaid,164,1,167,70,150.02,65.03,3127.69,2.0,0.0,54,Approved
255,484 897 6417,20,Female,Prepaid,164,1,62,28,58.64,54.31,2705.22,0.0,0.0,92,Approved
256,738 399 3539,54,Male,Prepaid,166,1,146,123,59.53,57.97,2035.06,0.0,0.0,97,Approved
257,505 904 5458,27,Male,Prepaid,167,1,32,107,199.72,85.51,2172.44,3.0,2.0,24,Rejected
258,959 875 0006,40,Male,Postpaid,167,1,91,24,95.68,53.06,2032.06,1.0,0.0,75,Approved
259,838 238 8923,53,Female,Prepaid,169,1,114,110,149.92,72.87,1999.65,0.0,0.0,84,Approved
260,302 274 2821,53,Male,Postpaid,169,1,44,110,106.29,62.15,417.95,0.0,0.0,88,Approved
261,571 787 0832,45,Female,Postpaid,171,1,88,92,18.12,83.9,3466.69,0.0,3.0,15,Rejected
262,612 569 5879,40,Female,Postpaid,172,1,61,166,123.0,66.52,2212.31,3.0,3.0,5,Rejected
263,602 442 7216,58,Male,Postpaid,172,1,134,105,194.44,41.74,703.41,1.0,1.0,65,Approved
264,151 126 2559,42,Female,Postpaid,172,1,111,147,25.88,65.11,1400.31,0.0,2.0,16,Rejected
265,976 931 9573,41,Female,Postpaid,173,1,132,33,18.07,67.82,1163.79,0.0,0.0,87,Approved
266,310 444 1245,19,Female,Prepaid,173,1,138,143,45.0,41.87,1781.89,0.0,2.0,12,Rejected
267,236 795 1940,23,Male,Postpaid,175,1,196,175,198.78,94.61,88.02,0.0,1.0,77,Approved
268,996 747 6195,30,Male,Postpaid,175,1,4,2,161.6,31.33,1649.34,0.0,0.0,91,Approved
269,775 900 9009,35,Female,Postpaid,175,1,26,144,52.43,43.41,1877.48,0.0,0.0,96,Approved
270,104 324 4297,55,Male,Postpaid,175,1,136,175,9.87,108.58,1852.34,0.0,1.0,73,Approved
271,370 558 6070,40,Female,Postpaid,175,1,75,180,41.62,75.71,648.32,1.0,0.0,78,Approved
272,217 477 5934,35,Male,Postpaid,176,1,144,198,197.43,48.55,2168.85,3.0,2.0,27,Rejected
273,488 232 9656,30,Male,Postpaid,176,1,75,186,166.81,71.89,1910.77,0.0,1.0,84,Approved
274,158 207 3264,36,Female,Postpaid,177,1,177,80,98.58,95.35,1827.57,0.0,0.0,94,Approved
275,209 365 7523,42,Female,Postpaid,177,1,90,134,88.58,51.57,2689.04,0.0,0.0,89,Approved
276,739 234 3258,60,Female,Postpaid,177,1,111,137,14.75,78.74,2520.07,0.0,3.0,47,Rejected
277,989 856 7744,43,Female,Postpaid,177,1,195,65,27.35,42.79,1403.14,0.0,1.0,73,Approved
278,100 584 1763,27,Female,Postpaid,178,1,51,21,9.19,73.22,131.97,2.0,0.0,64,Approved
279,681 885 7339,49,Male,Prepaid,178,1,67,173,32.11,91.95,929.39,0.0,0.0,85,Approved
280,702 483 7156,18,Male,Postpaid,178,1,23,157,4.21,63.74,2842.85,0.0,2.0,26,Rejected
281,983 279 0415,42,Male,Prepaid,179,1,120,23,44.95,94.24,2119.28,1.0,0.0,73,Approved
282,725 171 9258,48,Female,Postpaid,179,1,51,4,52.8,66.48,426.46,2.0,0.0,63,Approved
283,940 879 5403,24,Male,Postpaid,179,1,72,157,193.34,71.35,1779.5,3.0,0.0,34,Rejected
284,452 315 8437,20,Female,Postpaid,179,1,72,119,34.46,44.85,806.99,2.0,0.0,58,Approved
285,460 379 4464,60,Male,Postpaid,182,1,129,143,58.58,76.47,1798.38,1.0,0.0,72,Approved
286,689 218 8347,46,Male,Postpaid,183,1,100,66,151.87,109.08,195.89,0.0,1.0,58,Approved
287,124 549 7925,27,Male,Postpaid,183,1,186,105,14.07,89.95,2750.17,2.0,0.0,62,Approved
288,529 681 2365,47,Male,Prepaid,183,1,101,149,140.8,52.88,286.19,0.0,0.0,84,Approved
289,341 889 6125,21,Male,Prepaid,184,1,106,179,11.2,91.27,194.14,0.0,0.0,92,Approved
290,494 862 3422,39,Male,Postpaid,184,1,121,24,106.22,59.0,1092.19,3.0,0.0,23,Rejected
291,801 474 0288,34,Female,Prepaid,184,1,34,122,162.42,49.93,2491.35,1.0,0.0,71,Approved
292,517 316 6398,22,Female,Prepaid,184,1,118,83,182.04,56.51,2423.58,1.0,0.0,66,Approved
293,407 178 8146,22,Male,Postpaid,184,1,194,140,148.6,75.17,3389.81,1.0,0.0,68,Approved
294,473 249 7052,58,Male,Prepaid,185,1,5,70,63.2,38.62,187.5,0.0,0.0,72,Approved
295,915 517 3000,21,Male,Postpaid,185,1,116,200,84.13,105.78,3328.2,2.0,1.0,65,Approved
296,213 956 2604,34,Female,Postpaid,185,1,179,66,90.84,84.89,679.71,0.0,0.0,82,Approved
297,928 356 4656,57,Male,Postpaid,185,1,124,99,27.47,74.02,3085.82,0.0,0.0,88,Approved
298,267 816 5642,43,Female,Postpaid,186,1,2,79,146.54,48.95,3066.32,0.0,0.0,84,Approved
299,730 844 7073,46,Female,Postpaid,186,1,59,183,151.83,99.65,1004.23,1.0,0.0,75,Approved
300,936 841 7607,48,Female,Prepaid,187,1,89,3,66.63,81.26,227.17,0.0,1.0,62,Approved
301,472 331 5999,38,Female,Postpaid,187,1,82,75,125.24,61.35,1074.89,0.0,0.0,86,Approved
302,527 358 5466,25,Female,Prepaid,189,1,123,172,188.71,84.92,3425.77,2.0,0.0,61,Approved
303,527 168 6081,32,Male,Postpaid,189,1,36,3,152.89,102.98,1540.72,0.0,0.0,99,Approved
304,398 934 8507,56,Female,Postpaid,189,1,120,20,152.67,40.98,335.45,1.0,0.0,74,Approved
305,549 545 1367,32,Male,Postpaid,190,1,113,131,186.72,84.4,560.99,1.0,1.0,64,Approved
306,405 508 0873,21,Male,Postpaid,191,1,115,136,44.8,37.73,2780.28,0.0,0.0,100,Approved
307,964 570 1823,34,Male,Postpaid,191,1,79,191,147.72,82.48,3585.28,1.0,0.0,67,Approved
308,920 290 1730,26,Male,Postpaid,191,1,45,56,140.62,48.87,2823.31,0.0,0.0,96,Approved
309,363 699 7962,24,Female,Postpaid,192,1,33,57,82.64,96.9,3336.87,0.0,0.0,89,Approved
310,470 132 2042,29,Female,Postpaid,192,1,52,4,103.16,103.44,696.47,0.0,0.0,94,Approved
311,456 906 5999,26,Female,Prepaid,193,1,79,61,121.26,55.33,3189.32,3.0,2.0,20,Rejected
312,887 159 5339,59,Male,Postpaid,194,1,184,4,188.04,32.74,426.31,0.0,0.0,84,Approved
313,245 903 0251,44,Male,Postpaid,195,1,52,81,88.15,102.49,417.59,3.0,0.0,1,Rejected
314,798 821 7001,51,Male,Postpaid,196,1,8,55,82.53,71.86,1696.97,1.0,1.0,67,Approved
315,411 408 2561,27,Female,Postpaid,197,1,186,25,160.78,89.47,643.71,0.0,1.0,78,Approved
316,709 635 9211,33,Male,Postpaid,197,1,188,57,83.58,99.08,690.86,0.0,0.0,100,Approved
317,679 265 1178,28,Female,Postpaid,197,1,128,66,117.25,49.49,836.54,0.0,0.0,97,Approved
318,168 305 6308,31,Female,Postpaid,197,1,130,50,24.1,61.79,3335.08,0.0,0.0,91,Approved
319,609 434 7371,57,Female,Postpaid,198,1,195,89,62.61,43.99,3164.39,3.0,1.0,43,Rejected
320,618 526 1015,34,Female,Postpaid,198,1,196,155,102.7,69.98,350.96,1.0,1.0,85,Approved
321,678 981 6744,57,Male,Postpaid,198,1,15,5,24.39,90.36,2997.24,0.0,3.0,1,Rejected
322,589 283 0074,49,Male,Postpaid,198,1,153,178,179.84,39.6,2604.57,2.0,0.0,65,Approved
323,301 140 6649,27,Female,Postpaid,198,1,159,122,158.11,90.02,1119.17,0.0,0.0,75,Approved
324,306 989 2810,59,Male,Postpaid,198,1,47,39,48.48,86.54,166.89,1.0,0.0,82,Approved
325,174 973 2557,29,Female,Postpaid,1,2,28,10,35.17,36.41,36.41,2.0,0.0,17,Rejected
326,979 318 9848,30,Male,Prepaid,1,2,30,33,76.18,50.2,50.2,2.0,0.0,16,Rejected
327,483 146 4534,22,Male,Postpaid,1,2,32,26,44.16,43.83,43.83,0.0,0.0,34,Rejected
328,370 841 2010,31,Female,Prepaid,2,2,8,163,2.92,88.64,2325.06,0.0,2.0,19,Rejected
329,543 650 8260,29,Male,Postpaid,2,2,189,199,81.38,103.0,2013.86,0.0,0.0,46,Rejected
330,374 441 0806,47,Female,Prepaid,2,2,69,80,123.11,32.44,2086.49,1.0,3.0,5,Rejected
331,572 323 3228,21,Female,Postpaid,3,2,119,112,195.49,96.78,273.71,0.0,0.0,46,Rejected
332,687 608 0004,38,Female,Postpaid,3,2,181,115,44.28,59.82,1080.01,0.0,1.0,7,Rejected
333,523 718 9181,54,Male,Postpaid,3,2,160,18,108.97,103.64,2828.41,0.0,0.0,6,Rejected
334,448 633 5648,25,Male,Postpaid,3,2,127,85,116.86,78.7,665.89,0.0,1.0,18,Rejected
335,404 482 2266,21,Female,Postpaid,4,2,91,8,14.76,71.95,2958.97,1.0,0.0,4,Rejected
336,423 134 8396,54,Male,Prepaid,4,2,193,165,48.69,102.23,2866.04,0.0,0.0,26,Rejected
337,620 916 5145,21,Male,Prepaid,4,2,73,185,196.17,44.49,2438.99,0.0,0.0,8,Rejected
338,263 854 4974,27,Female,Postpaid,4,2,198,153,170.08,45.27,3089.7,0.0,0.0,29,Rejected
339,211 779 3403,53,Male,Prepaid,4,2,101,135,41.37,83.67,2057.07,0.0,1.0,23,Rejected
340,379 758 0897,18,Male,Prepaid,6,2,137,187,132.07,100.61,3165.2,0.0,0.0,27,Rejected
341,409 322 9107,26,Male,Postpaid,6,2,49,34,160.41,96.82,1046.14,0.0,0.0,24,Rejected
342,101 972 8935,30,Male,Postpaid,6,2,119,130,25.73,73.23,2901.93,1.0,1.0,1,Rejected
343,961 900 6941,47,Male,Postpaid,6,2,21,20,199.65,38.66,3486.99,0.0,0.0,31,Rejected
344,220 758 5053,24,Female,Postpaid,6,2,122,83,101.79,36.22,2272.94,3.0,1.0,2,Rejected
345,536 382 4984,48,Female,Prepaid,8,2,185,84,135.69,83.4,779.85,0.0,0.0,22,Rejected
346,445 957 5732,35,Female,Prepaid,8,2,156,139,135.89,99.4,1666.89,0.0,0.0,48,Rejected
347,425 936 4298,43,Female,Postpaid,8,2,124,38,167.73,52.43,843.73,0.0,0.0,41,Rejected
348,981 186 1011,31,Female,Prepaid,8,2,189,116,105.73,36.97,1346.36,3.0,0.0,31,Rejected
349,848 295 1443,59,Female,Prepaid,9,2,29,65,87.61,91.14,3239.08,3.0,0.0,20,Rejected
350,833 703 1595,26,Female,Postpaid,9,2,83,19,178.28,65.01,1381.64,0.0,0.0,28,Rejected
351,477 468 6761,18,Female,Postpaid,9,2,86,108,106.76,69.2,1026.47,0.0,0.0,23,Rejected
352,220 783 0161,24,Female,Prepaid,9,2,100,125,176.54,43.73,1542.1,2.0,0.0,14,Rejected
353,324 555 6521,42,Male,Postpaid,9,2,138,28,188.77,75.73,1940.67,0.0,1.0,38,Rejected
354,832 509 0068,54,Female,Prepaid,10,2,56,129,41.01,79.21,71.34,2.0,0.0,5,Rejected
355,118 597 4797,60,Male,Postpaid,11,2,163,44,13.18,61.1,2927.29,0.0,0.0,41,Rejected
356,153 316 3292,41,Male,Postpaid,11,2,135,76,161.81,57.93,3573.98,2.0,0.0,23,Rejected
357,682 680 5840,58,Female,Postpaid,12,2,177,41,142.2,64.68,3202.99,0.0,0.0,34,Rejected
358,926 863 0167,44,Female,Postpaid,13,2,81,166,141.49,90.03,1636.04,0.0,0.0,17,Rejected
359,552 509 5715,24,Male,Postpaid,13,2,135,189,121.11,64.12,1592.54,0.0,3.0,16,Rejected
360,959 735 9200,59,Male,Postpaid,14,2,21,83,62.44,90.24,3108.53,0.0,0.0,38,Rejected
361,242 725 4218,59,Female,Postpaid,15,2,62,65,156.71,37.36,2239.39,0.0,0.0,25,Rejected
362,964 883 3119,21,Male,Postpaid,15,2,90,72,163.6,109.12,3325.18,0.0,0.0,41,Rejected
363,387 352 6212,20,Male,Prepaid,16,2,200,35,180.14,77.34,2975.47,1.0,3.0,7,Rejected
364,419 546 4423,36,Male,Postpaid,16,2,102,149,114.14,51.83,1298.35,0.0,0.0,9,Rejected
365,278 637 3898,24,Male,Prepaid,18,2,144,149,153.11,99.83,1798.73,1.0,0.0,45,Rejected
366,223 994 7377,19,Male,Postpaid,18,2,147,62,81.52,35.57,1056.03,0.0,1.0,36,Rejected
367,515 444 1627,53,Male,Postpaid,19,2,130,120,184.98,64.96,2374.05,1.0,0.0,13,Rejected
368,197 234 9204,37,Female,Postpaid,19,2,15,117,54.14,54.63,2505.7,0.0,0.0,32,Rejected
369,749 558 1839,20,Male,Postpaid,20,2,192,47,69.83,104.97,3386.9,0.0,0.0,30,Rejected
370,949 658 9447,32,Female,Postpaid,20,2,157,145,99.81,52.1,852.03,0.0,0.0,32,Rejected
371,604 192 4741,24,Female,Postpaid,21,2,153,19,139.12,47.94,1839.13,1.0,2.0,19,Rejected
372,714 115 7836,56,Female,Prepaid,21,2,119,58,34.26,106.67,3584.69,2.0,0.0,36,Rejected
373,742 352 7851,58,Female,Prepaid,21,2,199,77,9.68,81.0,1005.98,0.0,2.0,37,Rejected
374,702 300 5727,24,Male,Postpaid,22,2,30,14,197.55,30.85,1164.5,3.0,0.0,36,Rejected
375,964 988 3455,25,Male,Prepaid,22,2,107,72,194.19,97.42,1696.47,0.0,0.0,40,Rejected
376,199 273 3359,35,Male,Prepaid,22,2,90,75,117.12,50.62,2242.06,0.0,0.0,28,Rejected
377,247 713 5516,40,Male,Prepaid,22,2,129,43,41.41,71.2,3152.74,0.0,2.0,50,Rejected
378,966 133 6266,27,Female,Postpaid,22,2,104,181,91.26,106.74,148.69,2.0,0.0,14,Rejected
379,495 847 4699,26,Female,Postpaid,23,2,46,90,152.14,32.51,161.63,0.0,0.0,28,Rejected
380,605 902 9159,49,Male,Postpaid,24,2,21,166,118.79,70.27,1558.63,0.0,0.0,8,Rejected
381,987 150 2561,49,Male,Postpaid,25,2,83,41,140.23,72.6,3329.37,1.0,0.0,79,Approved
382,302 598 7227,43,Male,Postpaid,25,2,121,55,4.12,76.0,886.47,2.0,0.0,71,Approved
383,656 798 2249,54,Male,Postpaid,25,2,136,151,23.43,55.07,3228.94,0.0,0.0,84,Approved
384,953 517 6749,37,Male,Prepaid,25,2,108,38,42.37,100.15,545.14,0.0,0.0,81,Approved
385,920 801 8624,45,Female,Postpaid,27,2,152,170,116.1,89.84,1328.77,1.0,0.0,67,Approved
386,943 896 6293,35,Male,Postpaid,30,2,49,154,115.55,55.93,2207.97,3.0,0.0,23,Rejected
387,616 465 8477,52,Female,Postpaid,31,2,131,129,195.89,40.14,1478.25,0.0,1.0,62,Approved
388,990 362 1970,21,Male,Prepaid,31,2,128,197,190.48,44.12,774.7,1.0,0.0,69,Approved
389,742 631 7149,43,Female,Postpaid,31,2,53,185,124.49,77.46,597.33,0.0,1.0,63,Approved
390,511 593 8706,27,Male,Prepaid,32,2,21,29,122.14,92.15,907.19,0.0,0.0,72,Approved
391,569 446 9634,25,Male,Postpaid,33,2,148,168,82.5,51.93,456.97,0.0,0.0,82,Approved
392,215 514 1631,52,Female,Postpaid,33,2,179,82,21.49,95.48,3547.97,0.0,0.0,92,Approved
393,146 697 6567,43,Male,Postpaid,33,2,34,146,45.22,85.43,2316.41,0.0,2.0,48,Rejected
394,674 353 6970,53,Female,Prepaid,34,2,40,63,58.67,57.38,1521.08,3.0,0.0,34,Rejected
395,113 704 6414,50,Female,Postpaid,34,2,111,113,52.8,92.55,1831.0,0.0,0.0,64,Approved
396,717 987 9218,42,Male,Prepaid,37,2,24,109,148.3,78.24,2816.74,1.0,0.0,61,Approved
397,229 279 4648,50,Male,Postpaid,37,2,8,148,32.82,61.17,1531.18,0.0,3.0,32,Rejected
398,965 546 0600,23,Male,Postpaid,38,2,1,155,31.56,57.36,589.4,2.0,1.0,55,Rejected
399,231 619 9095,19,Male,Postpaid,39,2,139,6,67.21,54.06,1033.0,0.0,0.0,77,Approved
400,150 722 0570,49,Female,Postpaid,39,2,111,25,4.42,60.78,953.43,1.0,0.0,66,Approved
401,839 121 8056,54,Male,Postpaid,40,2,25,96,102.98,93.15,2347.63,1.0,0.0,68,Approved
402,582 463 3782,29,Female,Prepaid,41,2,130,93,155.64,76.49,1518.9,3.0,0.0,24,Rejected
403,199 212 6969,37,Female,Postpaid,41,2,107,53,82.31,38.62,79.79,3.0,0.0,18,Rejected
404,456 783 8807,45,Female,Postpaid,41,2,164,120,139.64,81.06,2569.7,0.0,3.0,39,Rejected
405,901 470 3849,46,Male,Postpaid,41,2,115,12,27.37,41.41,494.84,0.0,0.0,77,Approved
406,392 259 8689,43,Male,Prepaid,42,2,154,164,152.05,66.51,460.09,0.0,2.0,23,Rejected
407,238 383 2772,60,Female,Postpaid,42,2,158,38,122.83,106.35,2431.94,1.0,0.0,72,Approved
408,405 581 0009,22,Male,Prepaid,42,2,142,181,10.12,50.83,1585.63,1.0,0.0,68,Approved
409,461 607 1453,52,Male,Postpaid,42,2,95,1,180.72,65.89,3104.56,2.0,0.0,66,Approved
410,611 166 1253,34,Female,Postpaid,43,2,150,96,17.14,50.16,3324.95,0.0,0.0,80,Approved
411,589 811 3084,59,Male,Postpaid,44,2,121,1,86.85,70.16,3085.59,0.0,0.0,83,Approved
412,306 526 7976,35,Male,Postpaid,44,2,74,121,84.42,84.46,2550.76,0.0,0.0,91,Approved
413,626 277 3508,52,Male,Postpaid,44,2,45,192,133.49,100.3,3027.34,0.0,1.0,61,Approved
414,900 659 3463,22,Male,Prepaid,45,2,71,163,129.58,65.16,3477.45,0.0,3.0,36,Rejected
415,717 657 7927,31,Male,Prepaid,45,2,11,59,183.79,107.0,1209.1,0.0,0.0,75,Approved
416,592 134 3832,34,Female,Postpaid,45,2,8,38,48.44,58.17,1130.39,0.0,0.0,83,Approved
417,555 761 0581,34,Female,Postpaid,46,2,66,38,72.69,50.12,2568.1,0.0,1.0,65,Approved
418,231 535 2380,39,Female,Prepaid,48,2,100,11,120.04,64.54,2925.72,2.0,1.0,57,Approved
419,777 899 3378,22,Female,Postpaid,48,2,135,192,154.95,88.34,1839.7,0.0,0.0,96,Approved
420,722 568 3388,23,Female,Postpaid,49,2,46,150,155.42,42.31,3173.74,0.0,1.0,73,Approved
421,971 142 6725,50,Male,Postpaid,49,2,155,96,197.07,102.72,424.23,1.0,0.0,81,Approved
422,241 102 9157,49,Male,Postpaid,49,2,158,60,191.81,41.29,1940.83,3.0,0.0,31,Rejected
423,749 668 0958,42,Male,Postpaid,49,2,175,24,121.43,93.22,900.26,1.0,0.0,74,Approved
424,749 590 3856,33,Male,Postpaid,50,2,106,4,190.73,103.54,2015.91,0.0,1.0,93,Approved
425,505 952 7374,51,Female,Postpaid,51,2,95,157,177.49,31.83,3502.61,0.0,0.0,72,Approved
426,598 351 8547,29,Female,Prepaid,51,2,182,38,109.97,66.93,1102.59,2.0,1.0,54,Approved
427,660 835 7347,29,Male,Postpaid,52,2,111,161,6.98,97.43,3593.59,1.0,0.0,73,Approved
428,431 268 8788,32,Female,Postpaid,53,2,29,38,168.75,88.45,247.66,1.0,0.0,77,Approved
429,528 120 2915,59,Male,Postpaid,54,2,154,175,161.67,69.41,406.02,0.0,3.0,32,Rejected
430,699 692 4231,18,Female,Postpaid,54,2,198,19,8.81,58.41,1278.64,0.0,1.0,61,Approved
431,238 725 6444,26,Male,Postpaid,54,2,126,140,118.93,36.05,2804.93,1.0,0.0,74,Approved
432,170 255 0653,56,Male,Prepaid,55,2,147,107,111.07,77.71,1807.42,0.0,0.0,90,Approved
433,859 524 8633,54,Female,Prepaid,55,2,178,120,130.02,98.61,1651.28,1.0,0.0,64,Approved
434,240 817 1437,32,Male,Prepaid,56,2,110,106,154.04,67.99,2458.54,0.0,1.0,81,Approved
435,562 969 4399,38,Male,Prepaid,57,2,176,19,184.57,76.02,1911.62,1.0,0.0,73,Approved
436,590 957 5754,18,Female,Postpaid,58,2,65,57,49.47,88.36,1463.16,0.0,0.0,93,Approved
437,843 649 4392,22,Female,Postpaid,59,2,153,46,128.27,98.2,1362.24,0.0,1.0,63,Approved
438,369 358 7996,35,Female,Prepaid,59,2,66,169,68.58,67.41,3432.32,2.0,0.0,64,Approved
439,359 220 1397,31,Male,Prepaid,61,2,160,164,109.59,109.55,908.92,0.0,0.0,74,Approved
440,969 846 4674,26,Male,Postpaid,61,2,70,86,118.44,30.2,2129.43,0.0,0.0,86,Approved
441,326 510 2565,60,Male,Postpaid,61,2,105,135,99.08,70.1,1989.28,0.0,0.0,96,Approved
442,550 151 8460,53,Female,Postpaid,61,2,198,186,76.08,109.91,2725.33,1.0,0.0,88,Approved
443,654 239 4511,25,Female,Prepaid,62,2,136,29,82.9,92.55,87.51,0.0,0.0,90,Approved
444,144 870 6533,18,Female,Prepaid,62,2,62,84,103.15,38.65,1253.99,0.0,2.0,22,Rejected
445,263 643 6778,55,Male,Postpaid,62,2,81,193,81.25,100.27,710.03,1.0,0.0,63,Approved
446,944 745 3926,59,Female,Postpaid,62,2,156,172,193.0,77.57,1403.1,3.0,1.0,26,Rejected
447,318 850 0930,48,Male,Prepaid,62,2,166,39,148.66,36.91,877.67,0.0,2.0,28,Rejected
448,572 593 5554,34,Male,Postpaid,63,2,72,128,59.38,74.41,488.24,0.0,0.0,69,Approved
449,898 575 4254,21,Male,Postpaid,63,2,146,108,187.97,36.56,2534.88,3.0,0.0,46,Rejected
450,612 407 7916,45,Female,Prepaid,64,2,12,138,29.51,52.11,3265.81,0.0,0.0,72,Approved
451,396 323 3234,48,Female,Postpaid,64,2,3,165,59.42,98.91,929.7,3.0,2.0,10,Rejected
452,540 727 6634,53,Female,Prepaid,64,2,161,74,143.12,72.53,2178.67,3.0,3.0,5,Rejected
453,483 590 4664,52,Female,Postpaid,64,2,115,176,100.6,48.05,2611.78,1.0,0.0,66,Approved
454,640 653 8366,45,Male,Postpaid,64,2,149,173,149.56,95.67,2817.08,2.0,1.0,51,Approved
455,759 325 9520,38,Male,Prepaid,65,2,129,170,86.65,35.98,3434.17,0.0,1.0,64,Approved
456,637 692 8641,25,Male,Postpaid,66,2,132,6,73.37,95.04,1722.64,2.0,0.0,68,Approved
457,756 543 7760,28,Male,Postpaid,67,2,189,123,172.5,62.85,1147.05,0.0,0.0,88,Approved
458,507 809 6645,47,Male,Prepaid,67,2,13,53,199.31,31.21,3390.5,2.0,0.0,65,Approved
459,314 348 1944,20,Male,Postpaid,67,2,198,170,198.86,34.33,1468.01,1.0,0.0,82,Approved
460,442 107 5471,52,Female,Postpaid,68,2,185,169,20.15,36.82,2999.45,2.0,2.0,27,Rejected
461,630 536 1692,46,Male,Postpaid,72,2,194,34,15.29,94.15,179.09,0.0,3.0,19,Rejected
462,596 860 6849,35,Male,Postpaid,72,2,97,151,128.71,53.6,1658.65,0.0,0.0,94,Approved
463,484 817 4260,41,Male,Postpaid,73,2,1,186,191.04,52.04,1162.11,0.0,0.0,76,Approved
464,711 439 9441,54,Male,Postpaid,73,2,167,88,139.88,73.68,1357.47,1.0,0.0,84,Approved
465,590 765 0105,38,Female,Postpaid,73,2,154,183,147.19,98.39,2393.41,1.0,0.0,83,Approved
466,693 396 5295,28,Male,Prepaid,74,2,173,39,46.09,37.23,1064.17,3.0,0.0,25,Rejected
467,525 412 7947,42,Female,Postpaid,75,2,46,138,150.95,60.31,3123.86,3.0,0.0,13,Rejected
468,508 726 2996,24,Male,Postpaid,75,2,154,192,26.44,57.04,317.65,0.0,1.0,74,Approved
469,499 775 6134,37,Female,Postpaid,76,2,153,53,29.0,33.58,1438.97,3.0,0.0,25,Rejected
470,426 254 5844,33,Male,Prepaid,77,2,139,109,43.21,77.42,3087.43,0.0,3.0,40,Rejected
471,957 573 5330,54,Female,Postpaid,77,2,56,32,103.91,35.67,448.8,0.0,2.0,18,Rejected
472,942 220 1929,31,Female,Prepaid,78,2,117,73,10.52,38.47,107.51,1.0,0.0,70,Approved
473,861 984 0281,35,Male,Prepaid,80,2,151,96,82.68,90.49,2544.26,1.0,0.0,62,Approved
474,616 980 9036,30,Male,Postpaid,80,2,38,192,104.03,56.81,1451.03,0.0,0.0,72,Approved
475,895 753 8234,25,Female,Postpaid,81,2,183,58,85.93,79.73,1196.52,0.0,1.0,70,Approved
476,856 185 7410,33,Female,Prepaid,82,2,178,87,142.53,72.5,3045.23,0.0,0.0,80,Approved
477,653 436 9174,36,Female,Postpaid,82,2,121,83,33.92,98.03,1943.14,1.0,0.0,79,Approved
478,561 994 3969,51,Female,Postpaid,83,2,123,94,103.5,44.17,1188.68,1.0,0.0,67,Approved
479,348 163 5053,54,Male,Postpaid,83,2,68,196,156.26,51.34,1549.73,0.0,1.0,59,Approved
480,261 745 4663,30,Female,Postpaid,84,2,43,91,158.49,99.68,761.88,0.0,1.0,63,Approved
481,976 658 5951,59,Male,Postpaid,84,2,132,192,195.69,41.73,1039.19,0.0,0.0,90,Approved
482,199 531 1331,41,Female,Postpaid,84,2,179,72,34.46,59.29,1471.97,0.0,2.0,28,Rejected
483,437 904 8709,28,Male,Postpaid,85,2,131,89,170.85,70.57,2258.96,2.0,0.0,60,Approved
484,774 483 2819,21,Female,Postpaid,85,2,78,151,131.79,64.99,2799.88,3.0,3.0,30,Rejected
485,342 390 1623,52,Female,Postpaid,85,2,31,132,146.75,41.5,2465.19,0.0,0.0,85,Approved
486,792 858 8263,37,Female,Postpaid,85,2,98,71,20.89,30.99,2701.6,0.0,1.0,72,Approved
487,854 333 8227,19,Male,Prepaid,86,2,88,10,153.97,89.8,3207.35,0.0,0.0,73,Approved
488,645 587 7325,48,Male,Postpaid,86,2,1,152,117.98,33.25,185.08,0.0,2.0,32,Rejected
489,925 681 2477,54,Female,Postpaid,89,2,160,91,4.18,71.28,644.74,0.0,1.0,74,Approved
490,212 725 6373,50,Female,Postpaid,90,2,86,80,187.71,90.29,821.15,0.0,2.0,14,Rejected
491,926 592 9441,37,Female,Prepaid,91,2,107,22,197.61,76.06,1403.44,0.0,1.0,63,Approved
492,454 959 2295,21,Male,Postpaid,91,2,190,164,160.36,48.4,2734.61,3.0,0.0,19,Rejected
493,864 328 7486,58,Female,Postpaid,92,2,152,115,84.89,62.27,1695.12,0.0,0.0,100,Approved
494,761 206 6402,60,Male,Postpaid,94,2,23,77,147.34,51.45,422.03,0.0,0.0,98,Approved
495,115 862 3143,49,Male,Postpaid,95,2,156,169,21.69,101.44,2415.37,0.0,0.0,62,Approved
496,102 940 8412,48,Male,Postpaid,96,2,10,20,135.55,75.33,2595.7,1.0,0.0,71,Approved
497,223 115 3120,31,Female,Postpaid,96,2,114,135,59.74,64.26,2721.61,0.0,1.0,74,Approved
498,334 107 3211,30,Male,Postpaid,97,2,134,154,158.46,92.03,2719.98,0.0,1.0,71,Approved
499,758 959 1114,34,Female,Postpaid,97,2,84,16,111.02,68.0,2735.27,0.0,0.0,63,Approved
500,273 216 3258,19,Male,Postpaid,97,2,89,1,134.4,38.27,323.32,0.0,0.0,83,Approved
501,638 328 0344,18,Female,Postpaid,98,2,51,190,8.53,31.83,1832.22,2.0,1.0,60,Approved
502,766 436 8030,40,Female,Postpaid,99,2,25,151,6.45,87.95,1184.69,3.0,0.0,40,Rejected
503,322 717 6341,29,Female,Postpaid,100,2,58,82,74.01,108.79,112.1,0.0,0.0,75,Approved
504,186 295 3520,53,Male,Postpaid,100,2,13,169,116.58,47.65,2009.98,1.0,2.0,34,Rejected
505,628 781 1121,42,Female,Postpaid,101,2,14,35,185.9,68.24,1028.18,0.0,3.0,9,Rejected
506,477 270 6303,35,Male,Postpaid,102,2,49,146,117.53,90.89,149.26,0.0,0.0,94,Approved
507,683 840 2227,37,Female,Postpaid,102,2,194,140,6.32,53.26,1854.49,1.0,1.0,65,Approved
508,606 760 8248,21,Female,Postpaid,102,2,103,76,98.71,76.51,3544.58,1.0,0.0,77,Approved
509,602 722 9902,19,Male,Postpaid,103,2,49,150,111.47,42.15,107.47,0.0,0.0,87,Approved
510,864 228 9735,19,Female,Postpaid,103,2,143,182,51.4,82.66,2238.72,1.0,0.0,62,Approved
511,759 335 9701,40,Female,Postpaid,104,2,50,113,67.62,87.31,739.76,0.0,0.0,82,Approved
512,481 678 3570,54,Female,Postpaid,104,2,53,54,133.48,87.67,3351.98,0.0,1.0,77,Approved
513,121 930 2192,22,Male,Postpaid,104,2,134,148,131.23,105.98,2944.66,0.0,0.0,80,Approved
514,486 781 7912,47,Female,Prepaid,105,2,146,73,85.26,93.21,667.69,0.0,1.0,69,Approved
515,804 679 5590,46,Male,Prepaid,105,2,83,82,98.86,59.12,3300.13,0.0,0.0,89,Approved
516,977 508 1510,45,Male,Postpaid,105,2,68,124,197.43,79.49,344.67,2.0,0.0,63,Approved
517,397 572 0218,34,Male,Prepaid,106,2,7,31,82.35,51.66,918.12,0.0,0.0,52,Approved
518,151 328 0310,34,Female,Postpaid,106,2,160,112,64.94,79.68,1682.81,1.0,0.0,75,Approved
519,735 705 4376,48,Male,Postpaid,106,2,74,17,89.17,84.81,2835.32,0.0,0.0,90,Approved
520,222 478 1464,38,Female,Postpaid,106,2,136,189,183.83,60.12,2969.15,0.0,3.0,30,Rejected
521,535 397 5188,58,Female,Postpaid,106,2,71,114,41.85,67.67,1120.21,2.0,0.0,55,Approved
522,770 427 7513,34,Female,Prepaid,107,2,161,45,144.85,85.4,2684.23,0.0,0.0,91,Approved
523,499 594 2395,20,Female,Postpaid,107,2,152,151,197.72,104.07,555.15,2.0,0.0,64,Approved
524,697 713 1820,20,Male,Prepaid,107,2,109,158,33.41,67.44,1529.14,1.0,0.0,78,Approved
525,190 852 5490,41,Female,Postpaid,108,2,123,27,92.23,43.59,2348.95,0.0,3.0,34,Rejected
526,123 495 2525,44,Female,Prepaid,108,2,187,75,113.92,52.26,2078.83,0.0,0.0,63,Approved
527,346 892 9742,27,Female,Prepaid,108,2,91,113,164.05,104.87,2259.16,1.0,2.0,27,Rejected
528,378 236 4094,18,Male,Postpaid,109,2,147,13,44.94,81.71,1191.63,1.0,0.0,83,Approved
529,868 809 3853,18,Male,Postpaid,109,2,96,81,176.13,95.26,229.72,2.0,0.0,67,Approved
530,446 241 8051,47,Female,Postpaid,109,2,94,200,116.46,91.24,2222.92,0.0,1.0,78,Approved
531,674 518 7525,57,Male,Postpaid,109,2,91,139,118.53,86.12,2113.77,0.0,3.0,30,Rejected
532,274 922 8676,56,Male,Postpaid,110,2,110,61,136.91,44.54,1958.01,1.0,0.0,77,Approved
533,363 791 0873,28,Male,Postpaid,112,2,168,51,13.56,76.35,985.71,2.0,0.0,59,Approved
534,354 906 3535,40,Female,Prepaid,113,2,82,100,151.52,42.86,3015.04,0.0,1.0,68,Approved
535,504 748 7319,55,Female,Postpaid,113,2,54,87,132.06,104.7,366.31,0.0,0.0,84,Approved
536,114 391 6600,57,Male,Prepaid,113,2,2,29,17.47,50.56,1693.04,0.0,0.0,87,Approved
537,496 300 6510,37,Female,Postpaid,114,2,101,20,161.99,109.77,1919.21,1.0,0.0,74,Approved
538,285 911 9123,58,Male,Prepaid,116,2,82,130,66.4,55.07,1521.31,2.0,1.0,57,Approved
539,427 757 5312,43,Male,Prepaid,117,2,44,122,117.85,36.79,1546.95,3.0,0.0,21,Rejected
540,879 437 4352,39,Female,Postpaid,117,2,134,107,124.7,98.42,688.81,2.0,0.0,59,Approved
541,565 146 5890,28,Male,Postpaid,117,2,19,12,147.32,57.57,2123.02,0.0,3.0,20,Rejected
542,927 704 8257,36,Male,Prepaid,117,2,112,80,30.6,108.35,629.84,0.0,0.0,73,Approved
543,792 644 1677,47,Female,Prepaid,118,2,182,171,61.61,98.73,1810.42,0.0,0.0,94,Approved
544,231 201 2881,49,Male,Postpaid,118,2,189,161,169.36,82.53,516.16,3.0,0.0,46,Rejected
545,993 585 4906,27,Male,Postpaid,118,2,188,115,85.12,96.03,1477.98,0.0,0.0,99,Approved
546,389 506 1667,37,Female,Postpaid,119,2,180,12,57.43,66.95,2388.69,0.0,0.0,89,Approved
547,679 725 6222,28,Female,Postpaid,119,2,160,60,51.83,44.2,3343.38,0.0,1.0,74,Approved
548,670 385 4935,28,Female,Prepaid,120,2,131,94,114.69,82.77,1122.46,0.0,0.0,79,Approved
549,707 495 4341,39,Female,Postpaid,121,2,106,47,130.8,75.6,3242.03,0.0,1.0,81,Approved
550,954 501 5279,57,Female,Postpaid,121,2,114,121,22.54,70.07,449.71,0.0,0.0,88,Approved
551,195 180 2822,19,Male,Postpaid,121,2,62,121,66.15,103.02,2348.52,1.0,1.0,63,Approved
552,461 635 0724,51,Female,Postpaid,122,2,66,100,142.87,41.01,432.66,0.0,0.0,84,Approved
553,467 257 7807,49,Female,Prepaid,124,2,19,137,127.87,36.13,2834.34,1.0,0.0,79,Approved
554,948 634 1725,56,Female,Postpaid,124,2,70,19,185.97,82.97,277.8,1.0,0.0,73,Approved
555,974 405 0169,31,Male,Prepaid,124,2,90,112,136.94,84.78,3101.49,0.0,0.0,95,Approved
556,324 581 3956,55,Female,Postpaid,124,2,110,21,99.43,53.05,2965.91,1.0,0.0,74,Approved
557,929 262 5996,32,Male,Prepaid,124,2,66,197,99.46,92.95,683.53,3.0,3.0,21,Rejected
558,196 133 5199,39,Male,Postpaid,125,2,119,21,6.12,56.31,2223.53,0.0,1.0,64,Approved
559,304 643 5903,21,Female,Postpaid,126,2,88,43,159.6,33.82,1123.22,0.0,0.0,82,Approved
560,448 142 4318,24,Male,Postpaid,126,2,5,101,7.32,66.49,899.32,0.0,0.0,88,Approved
561,485 833 8738,50,Female,Prepaid,127,2,167,62,41.84,38.23,1104.73,0.0,1.0,70,Approved
562,550 889 4125,26,Female,Postpaid,128,2,88,166,181.28,34.83,3062.89,1.0,3.0,2,Rejected
563,502 789 3154,27,Male,Postpaid,130,2,129,68,116.06,51.24,1026.83,0.0,1.0,73,Approved
564,709 715 6340,36,Male,Postpaid,130,2,132,110,135.32,50.66,2561.64,0.0,0.0,94,Approved
565,292 878 4443,46,Male,Prepaid,131,2,72,152,21.32,94.36,1127.77,3.0,0.0,16,Rejected
566,792 139 2166,57,Male,Postpaid,131,2,70,60,66.68,77.49,367.15,3.0,0.0,24,Rejected
567,602 826 2949,39,Female,Prepaid,131,2,87,7,126.37,101.79,824.61,0.0,0.0,99,Approved
568,245 634 4426,20,Male,Postpaid,131,2,85,154,74.85,69.68,3452.37,1.0,0.0,80,Approved
569,987 589 7189,40,Female,Postpaid,131,2,198,98,178.88,79.34,2739.2,1.0,0.0,75,Approved
570,129 212 2712,41,Female,Postpaid,132,2,30,135,67.97,103.9,2305.88,1.0,0.0,78,Approved
571,765 702 0262,43,Female,Postpaid,132,2,143,107,73.07,96.49,2262.95,0.0,0.0,97,Approved
572,185 685 5691,55,Male,Prepaid,132,2,122,18,157.4,56.16,1598.59,0.0,0.0,100,Approved
573,354 844 1198,37,Male,Prepaid,134,2,127,136,20.95,79.6,3019.34,0.0,0.0,88,Approved
574,720 267 0005,57,Male,Prepaid,134,2,171,101,147.26,56.98,1489.85,0.0,0.0,82,Approved
575,772 520 9513,58,Male,Postpaid,134,2,131,25,91.45,33.02,2121.64,2.0,3.0,9,Rejected
576,731 115 2676,22,Male,Postpaid,136,2,44,67,106.97,88.57,877.71,1.0,0.0,71,Approved
577,860 779 0686,48,Male,Postpaid,137,2,30,74,166.36,87.96,2137.11,0.0,0.0,72,Approved
578,973 858 9124,36,Female,Prepaid,137,2,194,195,125.83,62.03,774.31,0.0,3.0,12,Rejected
579,733 572 8954,50,Female,Postpaid,138,2,167,8,122.65,58.22,450.49,0.0,0.0,91,Approved
580,759 482 7695,46,Female,Postpaid,139,2,49,31,7.74,73.1,970.46,0.0,0.0,92,Approved
581,478 129 1423,56,Male,Postpaid,139,2,16,27,166.0,68.73,2610.44,0.0,0.0,93,Approved
582,315 862 7609,42,Female,Postpaid,139,2,196,161,65.95,79.97,3580.73,0.0,0.0,87,Approved
583,336 482 6191,45,Female,Postpaid,139,2,101,92,154.65,70.4,1663.81,0.0,0.0,76,Approved
584,735 141 0620,23,Male,Postpaid,141,2,186,199,47.31,89.2,3015.22,0.0,0.0,83,Approved
585,379 411 0598,56,Female,Prepaid,142,2,32,58,46.08,55.57,3388.24,1.0,0.0,73,Approved
586,425 934 4291,57,Male,Prepaid,142,2,32,129,91.42,59.45,1675.08,2.0,0.0,65,Approved
587,864 672 4696,29,Female,Postpaid,143,2,186,87,61.08,76.66,1702.25,0.0,1.0,72,Approved
588,463 316 2717,49,Male,Postpaid,144,2,119,34,146.96,59.65,2395.26,0.0,0.0,100,Approved
589,860 478 4738,40,Male,Prepaid,144,2,82,144,42.2,102.91,2730.25,0.0,0.0,90,Approved
590,207 698 4753,50,Female,Postpaid,144,2,20,139,175.97,75.75,2443.41,0.0,0.0,98,Approved
591,151 590 8078,31,Female,Prepaid,144,2,30,158,42.49,107.25,3219.45,1.0,0.0,69,Approved
592,397 297 5606,30,Male,Postpaid,145,2,138,181,180.14,34.98,2689.26,0.0,0.0,79,Approved
593,409 201 0941,26,Male,Postpaid,145,2,4,14,6.57,78.8,1402.18,1.0,0.0,71,Approved
594,637 310 0917,43,Female,Prepaid,145,2,70,39,51.54,56.1,2951.02,0.0,2.0,35,Rejected
595,286 288 3970,28,Male,Prepaid,145,2,12,110,31.64,70.68,1384.69,1.0,0.0,66,Approved
596,787 131 1247,19,Male,Postpaid,146,2,98,98,126.6,73.59,1442.03,3.0,0.0,29,Rejected
597,120 933 3345,54,Male,Postpaid,147,2,66,89,48.35,38.97,820.93,0.0,0.0,83,Approved
598,565 144 8610,24,Female,Postpaid,148,2,81,177,2.93,71.01,735.59,0.0,1.0,53,Approved
599,811 713 4673,30,Male,Prepaid,149,2,8,195,137.1,89.88,3075.7,0.0,0.0,92,Approved
600,506 511 6307,60,Female,Postpaid,150,2,182,186,173.93,85.66,459.25,0.0,0.0,99,Approved
601,631 868 8289,31,Female,Postpaid,150,2,186,194,135.46,78.45,2088.7,1.0,0.0,72,Approved
602,365 301 0756,51,Female,Prepaid,150,2,197,176,182.93,69.04,1383.36,0.0,0.0,83,Approved
603,654 642 3996,35,Female,Postpaid,152,2,67,103,199.15,53.7,1776.38,0.0,2.0,20,Rejected
604,172 696 3784,55,Female,Prepaid,152,2,3,58,84.16,37.38,1161.42,2.0,3.0,14,Rejected
605,413 564 5432,45,Male,Postpaid,154,2,46,92,179.54,47.59,1529.04,2.0,0.0,62,Approved
606,234 203 2257,18,Male,Postpaid,154,2,90,39,91.67,99.84,3215.08,0.0,3.0,12,Rejected
607,850 681 7753,57,Female,Postpaid,155,2,167,24,51.9,97.8,570.39,0.0,0.0,80,Approved
608,626 369 4452,52,Male,Postpaid,155,2,66,140,100.66,35.43,1925.47,0.0,0.0,84,Approved
609,253 188 2844,35,Male,Postpaid,155,2,152,171,59.79,109.63,2758.46,0.0,0.0,93,Approved
610,359 979 9353,49,Male,Prepaid,156,2,187,128,26.2,54.66,859.17,0.0,1.0,62,Approved
611,689 543 6273,30,Male,Prepaid,156,2,78,58,75.91,107.69,995.43,3.0,0.0,50,Rejected
612,963 117 2872,23,Female,Postpaid,157,2,130,124,19.63,79.01,739.22,0.0,0.0,95,Approved
613,950 414 7153,21,Male,Postpaid,157,2,172,10,34.45,45.88,3169.95,2.0,0.0,66,Approved
614,953 642 4192,42,Male,Prepaid,157,2,28,20,57.08,93.14,1731.68,3.0,3.0,25,Rejected
615,850 743 7781,21,Female,Prepaid,157,2,194,54,85.34,84.92,143.86,2.0,0.0,73,Approved
616,934 313 3249,45,Female,Postpaid,158,2,30,23,115.85,39.52,3570.79,0.0,0.0,83,Approved
617,282 310 5295,32,Female,Prepaid,159,2,51,87,6.31,97.63,969.02,0.0,3.0,23,Rejected
618,462 468 8571,60,Female,Prepaid,161,2,78,89,115.4,53.74,810.34,2.0,1.0,53,Approved
619,345 394 0727,27,Female,Postpaid,162,2,61,171,87.23,78.98,2906.57,3.0,0.0,40,Rejected
620,529 779 6295,55,Female,Postpaid,163,2,71,186,141.02,94.1,401.06,0.0,1.0,75,Approved
621,769 194 6049,41,Male,Postpaid,163,2,64,55,123.98,100.32,3589.38,0.0,0.0,82,Approved
622,345 514 6092,23,Female,Postpaid,163,2,51,176,115.34,33.71,3249.6,0.0,2.0,16,Rejected
623,915 510 2915,53,Male,Prepaid,163,2,52,151,31.99,34.69,2814.03,3.0,0.0,19,Rejected
624,264 151 4234,26,Female,Postpaid,163,2,142,103,19.05,76.35,2000.44,0.0,0.0,94,Approved
625,113 640 4882,37,Male,Postpaid,164,2,177,94,84.61,33.36,1706.88,1.0,0.0,81,Approved
626,994 648 6491,49,Male,Postpaid,167,2,94,183,145.56,51.26,2523.71,0.0,2.0,1,Rejected
627,472 585 9327,59,Male,Postpaid,167,2,44,2,133.07,35.17,535.4,0.0,0.0,91,Approved
628,364 397 2023,42,Male,Postpaid,167,2,127,155,164.68,79.23,3299.14,2.0,1.0,56,Approved
629,686 632 6874,46,Female,Prepaid,168,2,182,83,11.32,34.75,528.92,2.0,0.0,64,Approved
630,712 968 2890,19,Female,Postpaid,170,2,99,31,141.33,43.72,1688.48,0.0,2.0,26,Rejected
631,310 647 9785,35,Female,Postpaid,170,2,62,132,119.05,55.09,908.34,3.0,0.0,23,Rejected
632,149 787 6309,25,Female,Postpaid,172,2,66,25,149.83,106.59,1007.74,3.0,0.0,29,Rejected
633,777 231 1716,60,Female,Postpaid,172,2,150,119,37.75,40.98,1118.65,0.0,0.0,83,Approved
634,606 349 9936,35,Male,Postpaid,172,2,34,191,22.46,80.36,2532.04,0.0,0.0,64,Approved
635,606 424 1319,47,Male,Postpaid,173,2,116,77,111.55,53.47,656.97,2.0,0.0,59,Approved
636,219 800 9560,48,Male,Postpaid,173,2,189,97,18.48,56.22,1274.67,2.0,0.0,62,Approved
637,314 454 2045,18,Female,Prepaid,174,2,16,41,10.53,77.12,2556.91,0.0,0.0,77,Approved
638,619 563 6113,40,Male,Postpaid,175,2,82,175,70.25,91.23,2000.77,0.0,0.0,84,Approved
639,651 869 7009,57,Female,Postpaid,175,2,117,139,23.43,37.53,3247.0,0.0,1.0,63,Approved
640,715 987 5971,21,Male,Postpaid,177,2,73,80,4.91,56.86,2440.04,0.0,0.0,91,Approved
641,504 353 4327,42,Male,Postpaid,178,2,144,50,138.51,74.5,1011.83,0.0,2.0,28,Rejected
642,513 474 5744,31,Female,Postpaid,178,2,194,176,117.83,48.41,136.78,0.0,3.0,40,Rejected
643,167 316 3179,37,Male,Prepaid,178,2,161,59,116.5,82.35,1647.72,3.0,3.0,28,Rejected
644,674 814 2670,31,Male,Postpaid,179,2,79,190,156.25,99.21,2552.76,0.0,0.0,89,Approved
645,578 571 9328,58,Female,Postpaid,179,2,85,91,38.61,108.21,3273.81,0.0,2.0,17,Rejected
646,853 740 4385,25,Female,Prepaid,179,2,45,169,176.03,59.66,3358.63,0.0,1.0,90,Approved
647,173 433 4895,60,Male,Postpaid,180,2,177,148,111.75,48.84,2378.91,3.0,0.0,14,Rejected
648,149 737 7031,41,Female,Postpaid,180,2,108,33,74.58,109.41,1646.11,1.0,0.0,78,Approved
649,936 747 2472,22,Male,Postpaid,180,2,175,145,54.95,87.71,1589.11,0.0,0.0,93,Approved
650,795 792 0709,21,Male,Postpaid,181,2,31,54,127.78,50.72,3298.69,0.0,3.0,35,Rejected
651,941 155 7937,54,Male,Postpaid,182,2,164,139,134.55,83.58,2213.43,1.0,0.0,79,Approved
652,431 481 1400,40,Female,Prepaid,182,2,115,37,4.22,79.69,2020.63,2.0,0.0,64,Approved
653,979 104 6879,24,Male,Postpaid,183,2,105,127,13.92,31.57,1056.39,2.0,0.0,63,Approved
654,365 487 7519,51,Male,Postpaid,183,2,90,165,149.53,102.24,2891.84,0.0,0.0,84,Approved
655,978 695 6222,39,Male,Postpaid,183,2,181,111,120.63,53.37,1374.92,1.0,1.0,55,Approved
656,999 359 2495,58,Female,Postpaid,184,2,181,38,27.22,60.46,1754.68,2.0,1.0,51,Approved
657,206 693 4000,32,Male,Prepaid,184,2,128,77,46.39,98.34,127.04,0.0,0.0,62,Approved
658,825 407 2011,57,Male,Prepaid,185,2,63,153,113.4,71.58,2399.23,3.0,0.0,8,Rejected
659,284 215 7345,22,Male,Postpaid,186,2,94,132,178.18,57.22,2697.73,2.0,1.0,60,Approved
660,343 989 0555,27,Female,Postpaid,186,2,174,143,109.66,35.23,1545.56,1.0,0.0,82,Approved
661,508 716 2508,32,Female,Postpaid,187,2,140,91,97.67,44.94,283.95,0.0,1.0,64,Approved
662,528 956 5368,25,Male,Postpaid,188,2,88,83,158.22,108.2,2254.36,1.0,0.0,74,Approved
663,474 744 1342,20,Female,Postpaid,189,2,122,97,141.56,98.45,3231.38,2.0,0.0,55,Approved
664,599 234 3699,29,Female,Postpaid,191,2,41,183,51.9,34.87,1748.31,0.0,0.0,84,Approved
665,431 362 1478,48,Male,Prepaid,191,2,108,26,100.42,85.45,1472.16,2.0,1.0,60,Approved
666,682 691 1117,44,Male,Postpaid,192,2,67,7,97.05,95.74,1979.21,0.0,0.0,97,Approved
667,531 371 7023,50,Male,Prepaid,192,2,125,111,59.18,101.12,1067.59,0.0,0.0,74,Approved
668,746 464 9664,30,Female,Postpaid,193,2,177,177,73.93,96.61,3360.07,0.0,1.0,68,Approved
669,201 769 0326,22,Female,Postpaid,193,2,193,135,42.18,51.11,745.4,0.0,0.0,93,Approved
670,571 356 4680,53,Female,Postpaid,193,2,68,117,24.93,41.56,2543.49,1.0,0.0,77,Approved
671,685 325 4214,33,Female,Postpaid,194,2,139,14,125.35,51.25,2967.89,0.0,0.0,62,Approved
672,938 209 3737,19,Female,Prepaid,194,2,89,112,70.77,76.29,1067.12,1.0,0.0,73,Approved
673,519 242 5395,58,Male,Postpaid,195,2,24,139,157.57,58.36,800.05,1.0,0.0,86,Approved
674,324 173 7769,49,Male,Postpaid,195,2,30,76,64.32,79.33,3230.88,0.0,3.0,47,Rejected
675,998 706 6408,55,Female,Postpaid,196,2,62,26,151.21,38.77,545.71,1.0,1.0,57,Approved
676,297 701 6641,60,Male,Postpaid,196,2,171,64,100.86,87.88,2969.52,2.0,0.0,63,Approved
677,360 450 8779,41,Male,Postpaid,197,2,179,31,163.35,80.44,2010.41,0.0,0.0,85,Approved
678,468 373 6736,22,Male,Postpaid,197,2,158,159,180.26,87.85,2530.59,1.0,0.0,71,Approved
679,444 489 4251,53,Male,Postpaid,197,2,40,73,1.19,52.86,616.47,0.0,0.0,72,Approved
680,176 611 7370,51,Female,Postpaid,198,2,38,97,129.74,34.0,1415.31,1.0,0.0,69,Approved
681,984 279 0238,40,Female,Postpaid,198,2,55,36,93.08,77.29,3091.3,0.0,1.0,60,Approved
682,634 819 7672,31,Male,Postpaid,198,2,80,179,74.73,83.57,729.66,1.0,0.0,76,Approved
683,216 481 4270,32,Male,Postpaid,198,2,194,152,29.46,44.47,3135.28,0.0,0.0,100,Approved
684,994 778 6332,26,Male,Postpaid,199,2,106,46,92.8,51.51,407.9,0.0,0.0,99,Approved
685,383 618 5898,35,Female,Postpaid,1,3,40,31,51.05,72.97,72.97,0.0,1.0,48,Rejected
686,250 685 9336,41,Female,Postpaid,1,3,44,27,56.03,78.7,78.7,0.0,0.0,41,Rejected
687,591 288 0508,20,Female,Postpaid,4,3,124,178,190.94,52.03,1162.71,1.0,0.0,14,Rejected
688,548 130 9353,36,Male,Postpaid,4,3,198,51,21.23,30.65,2460.68,2.0,2.0,40,Rejected
689,981 568 2739,45,Male,Prepaid,4,3,131,182,189.29,50.99,2929.34,0.0,0.0,23,Rejected
690,349 473 5834,47,Female,Postpaid,4,3,112,62,124.13,83.26,398.86,0.0,1.0,23,Rejected
691,841 148 3243,53,Female,Postpaid,5,3,30,40,174.7,80.66,1354.06,0.0,1.0,26,Rejected
692,660 845 7128,60,Male,Postpaid,6,3,131,168,194.85,70.53,2934.82,0.0,1.0,23,Rejected
693,678 130 2859,25,Male,Postpaid,7,3,179,192,135.64,60.34,2942.73,2.0,1.0,5,Rejected
694,930 395 3139,41,Male,Prepaid,7,3,33,36,21.38,52.0,2729.95,0.0,0.0,42,Rejected
695,989 260 2984,55,Male,Postpaid,8,3,187,17,118.4,84.93,1475.47,0.0,0.0,18,Rejected
696,372 479 0682,58,Male,Postpaid,8,3,170,21,12.4,102.9,2187.02,0.0,0.0,10,Rejected
697,987 907 8115,30,Female,Postpaid,8,3,4,13,58.52,97.71,2359.78,2.0,0.0,25,Rejected
698,457 109 6942,55,Male,Prepaid,8,3,160,102,63.01,66.92,2350.18,0.0,0.0,5,Rejected
699,679 985 9480,20,Female,Postpaid,9,3,12,104,170.13,97.4,1374.07,2.0,0.0,13,Rejected
700,498 514 0635,45,Male,Postpaid,9,3,11,109,1.63,57.5,1129.21,3.0,0.0,15,Rejected
701,441 237 7291,36,Female,Prepaid,9,3,188,52,182.66,85.27,2120.77,1.0,0.0,50,Rejected
702,686 315 9501,51,Female,Postpaid,9,3,198,73,172.57,73.57,990.41,1.0,1.0,38,Rejected
703,489 235 6942,59,Female,Postpaid,10,3,8,176,96.12,30.44,1198.1,1.0,0.0,41,Rejected
704,877 349 4052,37,Female,Postpaid,10,3,121,96,29.09,58.36,2698.56,2.0,0.0,36,Rejected
705,408 591 4308,28,Male,Postpaid,10,3,7,183,199.29,100.08,2876.89,0.0,1.0,36,Rejected
706,951 112 0554,30,Female,Prepaid,10,3,135,186,11.72,67.71,604.1,2.0,1.0,8,Rejected
707,427 457 7719,46,Female,Postpaid,11,3,77,35,2.51,69.59,2870.1,0.0,0.0,9,Rejected
708,749 493 3193,57,Female,Postpaid,12,3,11,15,170.45,104.08,2493.63,0.0,1.0,1,Rejected
709,367 314 0221,21,Male,Postpaid,13,3,163,164,158.6,71.22,3550.02,0.0,1.0,34,Rejected
710,220 475 7222,32,Female,Postpaid,14,3,176,106,88.02,45.73,510.34,0.0,0.0,27,Rejected
711,117 509 1587,31,Male,Postpaid,16,3,177,111,46.35,96.11,3417.94,2.0,0.0,50,Rejected
712,107 352 9168,39,Female,Postpaid,17,3,119,139,173.37,58.33,3299.98,3.0,0.0,29,Rejected
713,425 691 8281,45,Male,Postpaid,18,3,1,58,24.39,61.73,928.47,1.0,0.0,37,Rejected
714,982 981 9824,60,Female,Postpaid,18,3,158,2,74.85,96.4,2955.28,0.0,0.0,21,Rejected
715,495 712 9436,60,Male,Prepaid,18,3,192,150,13.31,70.5,1950.73,0.0,0.0,42,Rejected
716,355 948 1910,18,Male,Postpaid,19,3,61,125,6.01,90.39,692.85,0.0,0.0,27,Rejected
717,968 240 1495,56,Male,Prepaid,19,3,161,200,173.36,75.79,1991.52,0.0,0.0,41,Rejected
718,391 447 0465,28,Male,Postpaid,19,3,35,92,73.86,45.88,1773.42,1.0,1.0,47,Rejected
719,231 689 1006,57,Female,Prepaid,20,3,29,77,74.45,70.27,1103.44,0.0,0.0,1,Rejected
720,310 481 1189,52,Male,Prepaid,20,3,145,182,5.91,31.08,3252.24,0.0,0.0,50,Rejected
721,513 248 8225,49,Female,Postpaid,21,3,3,177,12.64,89.5,1342.62,0.0,0.0,6,Rejected
722,345 110 4162,50,Male,Postpaid,21,3,198,180,86.82,104.26,2015.12,2.0,2.0,7,Rejected
723,754 282 5621,20,Male,Postpaid,23,3,78,184,37.55,37.55,2048.77,0.0,0.0,45,Rejected
724,289 209 0873,45,Male,Postpaid,24,3,195,80,26.08,79.73,1033.42,2.0,0.0,24,Rejected
725,440 512 3983,47,Male,Postpaid,25,3,52,155,133.36,72.81,2098.46,2.0,0.0,39,Rejected
726,635 812 6069,49,Female,Postpaid,25,3,23,54,83.2,102.97,2899.61,0.0,0.0,16,Rejected
727,144 752 6704,36,Female,Prepaid,25,3,62,13,115.31,52.49,821.95,0.0,3.0,31,Rejected
728,770 166 5812,31,Male,Prepaid,26,3,186,66,128.3,88.6,1239.47,2.0,1.0,44,Rejected
729,877 360 7987,50,Male,Postpaid,26,3,185,151,116.33,45.84,843.97,0.0,1.0,31,Rejected
730,277 560 3899,20,Female,Postpaid,27,3,120,113,165.34,106.76,1350.85,1.0,3.0,11,Rejected
731,742 837 5413,32,Female,Postpaid,27,3,45,175,66.57,42.02,1010.19,0.0,2.0,47,Rejected
732,817 848 6984,43,Male,Prepaid,28,3,148,2,31.76,48.26,890.67,0.0,0.0,10,Rejected
733,918 663 8009,43,Female,Postpaid,29,3,95,11,32.27,33.06,831.0,1.0,0.0,4,Rejected
734,459 309 3939,55,Male,Prepaid,31,3,80,161,12.06,32.12,888.16,2.0,1.0,20,Rejected
735,976 770 8669,41,Female,Postpaid,31,3,155,189,84.12,79.7,1230.54,1.0,2.0,45,Rejected
736,779 763 4209,28,Female,Postpaid,32,3,107,189,94.22,45.28,2187.26,0.0,0.0,9,Rejected
737,558 602 2676,50,Female,Prepaid,32,3,102,134,180.95,72.96,2840.62,2.0,0.0,33,Rejected
738,328 371 6764,37,Female,Postpaid,33,3,101,71,17.63,51.16,50.77,0.0,0.0,3,Rejected
739,973 872 2115,41,Male,Postpaid,34,3,124,36,64.14,100.55,1051.28,1.0,0.0,17,Rejected
740,747 772 6992,24,Female,Postpaid,35,3,65,75,99.71,65.82,1240.53,0.0,0.0,42,Rejected
741,249 325 0220,35,Male,Postpaid,35,3,195,145,190.36,39.33,2763.39,1.0,0.0,44,Rejected
742,417 285 7571,53,Female,Postpaid,35,3,5,4,70.33,107.06,74.01,0.0,0.0,5,Rejected
743,768 458 9054,23,Female,Postpaid,36,3,64,173,107.73,67.93,3251.35,0.0,0.0,50,Rejected
744,814 411 4235,33,Male,Postpaid,36,3,185,137,81.24,97.75,1938.19,0.0,1.0,40,Rejected
745,257 624 9036,36,Female,Postpaid,38,3,165,194,24.75,59.47,229.1,2.0,0.0,12,Rejected
746,107 772 0387,28,Male,Postpaid,38,3,51,199,90.4,79.75,2672.04,1.0,0.0,21,Rejected
747,702 224 3481,40,Male,Postpaid,39,3,56,199,194.8,63.47,676.5,2.0,0.0,2,Rejected
748,347 163 0846,40,Female,Postpaid,39,3,69,95,83.98,39.31,1449.55,3.0,0.0,15,Rejected
749,775 309 3723,59,Male,Postpaid,40,3,117,43,68.27,90.49,432.03,0.0,0.0,42,Rejected
750,147 925 3109,48,Female,Postpaid,40,3,50,173,27.23,37.21,72.76,0.0,0.0,4,Rejected
751,733 824 7478,42,Male,Prepaid,41,3,162,78,196.42,47.37,2883.49,1.0,0.0,23,Rejected
752,609 912 2140,46,Male,Prepaid,41,3,107,12,152.9,42.86,2730.23,1.0,2.0,12,Rejected
753,576 489 5416,18,Female,Prepaid,41,3,31,96,8.29,100.58,1068.29,0.0,0.0,7,Rejected
754,480 131 3807,31,Male,Postpaid,41,3,48,169,114.5,70.58,2894.26,0.0,1.0,10,Rejected
755,254 202 2477,37,Female,Postpaid,41,3,6,96,182.15,99.7,107.36,0.0,1.0,42,Rejected
756,991 901 8474,42,Male,Prepaid,41,3,147,107,49.91,93.23,443.55,0.0,0.0,15,Rejected
757,814 559 4733,30,Female,Postpaid,42,3,195,114,158.04,83.62,3039.64,0.0,0.0,30,Rejected
758,570 447 8455,22,Female,Postpaid,42,3,133,12,171.43,76.86,759.63,2.0,0.0,18,Rejected
759,443 127 0019,22,Male,Prepaid,42,3,187,82,130.33,73.96,675.2,0.0,0.0,43,Rejected
760,393 545 1540,20,Female,Postpaid,43,3,86,136,111.48,86.86,2176.07,2.0,0.0,48,Rejected
761,718 976 1672,56,Male,Postpaid,44,3,55,143,188.18,106.61,650.78,1.0,3.0,40,Rejected
762,773 495 7700,19,Female,Prepaid,45,3,100,94,166.52,101.76,192.16,3.0,0.0,12,Rejected
763,846 757 2225,47,Male,Prepaid,45,3,136,84,83.79,37.09,2914.48,0.0,0.0,20,Rejected
764,162 214 6376,48,Female,Postpaid,48,3,13,113,118.7,97.79,3257.31,2.0,0.0,31,Rejected
765,339 735 8191,45,Female,Postpaid,48,3,167,185,12.84,57.76,2266.94,0.0,0.0,18,Rejected
766,577 415 4597,18,Male,Prepaid,48,3,168,106,108.27,31.09,3378.74,0.0,0.0,42,Rejected
767,708 988 4844,18,Male,Postpaid,49,3,183,2,73.96,41.91,2375.02,1.0,0.0,31,Rejected
768,894 191 6087,58,Male,Postpaid,49,3,90,15,107.29,77.13,2449.23,2.0,1.0,23,Rejected
769,303 121 6598,41,Female,Prepaid,50,3,65,180,21.13,56.54,964.53,0.0,3.0,8,Rejected
770,563 942 9298,57,Male,Postpaid,50,3,103,191,180.99,35.42,3224.21,0.0,0.0,1,Rejected
771,514 170 0295,60,Female,Postpaid,51,3,117,39,111.25,55.42,2613.06,0.0,0.0,42,Rejected
772,890 449 9307,34,Female,Postpaid,51,3,78,80,176.35,41.11,3238.18,1.0,0.0,16,Rejected
773,690 387 1864,50,Male,Postpaid,52,3,17,16,91.25,63.22,1297.85,0.0,0.0,21,Rejected
774,213 874 1142,24,Male,Postpaid,53,3,132,161,179.84,65.05,1195.77,1.0,0.0,16,Rejected
775,367 250 8784,18,Female,Postpaid,53,3,83,134,139.82,86.69,1715.55,1.0,0.0,5,Rejected
776,886 200 9292,29,Female,Prepaid,53,3,76,151,114.0,88.38,801.57,0.0,3.0,3,Rejected
777,850 885 0178,22,Male,Postpaid,54,3,145,172,106.08,31.69,1660.85,2.0,1.0,14,Rejected
778,855 778 5180,42,Female,Postpaid,54,3,19,127,112.71,109.03,1367.24,0.0,0.0,32,Rejected
779,691 497 4378,18,Male,Postpaid,55,3,68,140,13.97,96.85,1483.72,1.0,1.0,21,Rejected
780,371 411 3989,49,Male,Prepaid,56,3,60,200,86.35,74.89,1893.42,0.0,1.0,17,Rejected
781,894 593 1648,52,Male,Postpaid,56,3,21,24,85.77,35.25,2194.99,0.0,0.0,44,Rejected
782,396 814 5286,29,Female,Postpaid,56,3,36,86,57.27,37.65,3548.79,1.0,0.0,9,Rejected
783,670 273 8191,18,Female,Prepaid,56,3,11,199,131.82,101.84,1425.16,0.0,0.0,43,Rejected
784,408 814 7833,42,Male,Postpaid,57,3,58,49,186.78,71.14,2373.08,1.0,1.0,29,Rejected
785,276 886 8989,19,Male,Postpaid,57,3,124,151,4.01,77.02,101.64,0.0,0.0,25,Rejected
786,903 999 6347,25,Male,Prepaid,57,3,146,18,173.46,83.0,3355.02,0.0,0.0,40,Rejected
787,412 324 8381,59,Male,Prepaid,58,3,81,148,36.54,95.76,891.23,0.0,0.0,4,Rejected
788,608 718 5145,38,Male,Postpaid,58,3,14,95,58.41,63.32,1340.88,0.0,1.0,46,Rejected
789,906 656 8751,56,Female,Postpaid,59,3,61,85,112.31,62.89,1318.26,1.0,0.0,21,Rejected
790,367 992 6545,54,Male,Prepaid,59,3,109,107,142.51,81.69,2537.03,0.0,0.0,21,Rejected
791,976 299 3078,35,Female,Postpaid,59,3,78,44,95.64,74.73,1949.14,0.0,1.0,36,Rejected
792,255 310 4551,37,Male,Postpaid,60,3,185,160,43.05,79.85,2102.77,0.0,0.0,47,Rejected
793,450 898 6747,40,Male,Postpaid,60,3,88,7,12.86,102.56,2152.62,0.0,0.0,1,Rejected
794,297 319 4524,57,Male,Postpaid,61,3,122,196,16.7,103.13,1823.19,0.0,0.0,30,Rejected
795,883 500 4946,26,Female,Prepaid,61,3,1,94,164.82,74.88,2786.42,1.0,1.0,38,Rejected
796,590 935 6163,34,Male,Prepaid,62,3,173,100,47.82,86.55,1298.06,0.0,0.0,14,Rejected
797,840 753 8815,43,Male,Postpaid,63,3,160,74,100.33,69.78,946.74,0.0,0.0,4,Rejected
798,741 392 1956,39,Female,Postpaid,64,3,144,50,194.76,73.95,1568.0,1.0,0.0,27,Rejected
799,298 440 5650,49,Female,Prepaid,65,3,161,124,39.82,65.29,421.45,0.0,0.0,28,Rejected
800,822 717 1725,50,Female,Postpaid,65,3,30,85,125.19,87.34,2172.59,1.0,1.0,16,Rejected
801,520 705 9861,30,Male,Prepaid,66,3,92,162,90.64,31.53,3255.3,3.0,0.0,2,Rejected
802,126 329 4839,52,Female,Postpaid,66,3,179,119,191.51,102.96,1353.56,1.0,0.0,10,Rejected
803,407 946 1496,30,Female,Prepaid,66,3,132,45,23.07,109.45,2987.73,0.0,2.0,2,Rejected
804,615 186 4821,53,Female,Postpaid,66,3,166,134,177.93,101.17,982.91,0.0,0.0,39,Rejected
805,493 324 6819,34,Male,Postpaid,67,3,179,176,130.85,89.48,790.79,1.0,3.0,27,Rejected
806,946 164 8669,39,Female,Postpaid,68,3,185,188,179.87,37.34,3130.21,1.0,1.0,29,Rejected
807,963 768 1894,18,Male,Postpaid,68,3,115,126,144.74,102.07,2828.69,0.0,0.0,11,Rejected
808,947 393 7715,56,Male,Postpaid,68,3,183,37,62.7,49.19,673.52,1.0,0.0,26,Rejected
809,601 187 0662,33,Male,Postpaid,69,3,159,51,169.26,51.16,368.43,1.0,1.0,22,Rejected
810,455 337 9499,37,Female,Postpaid,71,3,16,115,30.35,63.54,169.17,0.0,3.0,50,Rejected
811,958 207 2691,39,Male,Postpaid,71,3,33,25,24.73,56.01,1403.87,1.0,0.0,22,Rejected
812,653 841 2508,48,Male,Postpaid,72,3,174,4,20.24,73.99,304.57,1.0,0.0,5,Rejected
813,776 280 2527,60,Female,Postpaid,72,3,82,83,50.38,92.59,1509.15,1.0,0.0,41,Rejected
814,253 888 7904,31,Male,Prepaid,72,3,80,62,103.37,97.97,666.29,0.0,0.0,17,Rejected
815,656 995 4535,32,Male,Postpaid,74,3,181,136,20.2,53.38,53.54,1.0,0.0,3,Rejected
816,263 646 7018,57,Male,Prepaid,74,3,30,180,3.93,39.58,1799.56,1.0,0.0,28,Rejected
817,105 772 5805,26,Female,Postpaid,77,3,174,173,9.77,77.34,2567.21,0.0,1.0,21,Rejected
818,385 101 2676,48,Male,Prepaid,77,3,1,64,18.49,90.4,1033.62,3.0,2.0,10,Rejected
819,303 122 6031,53,Female,Prepaid,77,3,8,180,150.77,45.29,701.75,0.0,0.0,30,Rejected
820,841 189 6595,37,Female,Postpaid,78,3,175,61,155.12,55.84,1323.55,0.0,1.0,14,Rejected
821,332 911 0696,50,Male,Postpaid,78,3,22,96,183.73,86.73,3483.25,1.0,0.0,31,Rejected
822,793 937 6447,42,Female,Prepaid,80,3,192,184,35.38,91.72,2847.25,1.0,0.0,19,Rejected
823,384 105 4310,21,Male,Postpaid,81,3,7,41,191.98,67.99,1957.15,1.0,0.0,24,Rejected
824,799 547 0516,20,Male,Postpaid,81,3,17,16,13.52,108.69,2279.53,0.0,3.0,44,Rejected
825,692 766 4370,21,Female,Postpaid,82,3,49,23,29.78,52.2,1828.37,0.0,2.0,2,Rejected
826,269 885 9905,37,Male,Postpaid,82,3,52,21,47.79,100.95,1446.84,2.0,0.0,37,Rejected
827,320 868 8337,27,Male,Prepaid,83,3,112,161,24.71,64.59,1017.06,3.0,2.0,38,Rejected
828,226 822 9306,54,Female,Postpaid,83,3,97,172,42.15,92.52,302.01,0.0,3.0,17,Rejected
829,156 877 8148,57,Female,Postpaid,85,3,117,151,140.38,53.14,1122.21,2.0,0.0,16,Rejected
830,578 621 5556,32,Female,Postpaid,87,3,198,116,109.74,81.23,2819.17,0.0,0.0,4,Rejected
831,637 512 5523,47,Female,Postpaid,87,3,179,8,182.07,74.39,967.53,2.0,0.0,42,Rejected
832,810 184 2323,44,Female,Postpaid,87,3,134,103,180.9,104.96,231.93,0.0,0.0,24,Rejected
833,125 782 1004,24,Female,Postpaid,87,3,40,28,163.99,66.81,2608.7,0.0,0.0,4,Rejected
834,570 992 5597,32,Male,Prepaid,88,3,13,12,72.57,36.39,2358.61,3.0,2.0,25,Rejected
835,516 650 2084,37,Female,Postpaid,89,3,99,173,118.63,85.79,302.21,0.0,0.0,44,Rejected
836,175 976 5905,57,Female,Prepaid,91,3,36,176,117.93,46.91,418.28,0.0,0.0,14,Rejected
837,893 244 0683,60,Female,Postpaid,91,3,143,121,87.73,32.5,2560.67,0.0,0.0,22,Rejected
838,291 654 7711,46,Female,Postpaid,92,3,128,91,10.16,41.46,2906.49,0.0,1.0,26,Rejected
839,844 687 0271,49,Male,Postpaid,92,3,60,76,27.09,75.76,820.09,1.0,0.0,22,Rejected
840,869 702 7896,31,Female,Postpaid,92,3,134,5,146.51,45.42,728.08,3.0,0.0,46,Rejected
841,772 441 6485,20,Male,Postpaid,92,3,91,124,11.47,63.23,2376.25,0.0,1.0,18,Rejected
842,234 204 9317,56,Female,Prepaid,93,3,70,79,98.8,84.91,3000.87,1.0,0.0,7,Rejected
843,837 867 1538,47,Female,Postpaid,93,3,197,167,54.79,97.47,1392.25,0.0,0.0,1,Rejected
844,401 557 9535,60,Female,Postpaid,93,3,22,150,99.64,85.38,2606.11,0.0,0.0,5,Rejected
845,777 839 0824,60,Female,Postpaid,94,3,61,13,177.67,35.42,2120.34,1.0,0.0,43,Rejected
846,870 956 9407,34,Female,Postpaid,95,3,90,41,162.98,90.12,3599.62,1.0,0.0,21,Rejected
847,618 141 8911,52,Male,Prepaid,96,3,56,104,88.0,45.27,3034.15,0.0,0.0,41,Rejected
848,115 353 8934,29,Female,Postpaid,97,3,174,198,150.3,42.83,2399.05,3.0,0.0,22,Rejected
849,867 466 0114,36,Male,Postpaid,97,3,152,109,45.45,94.97,1334.18,0.0,0.0,9,Rejected
850,368 651 3601,23,Male,Postpaid,98,3,181,1,35.83,41.11,700.6,2.0,0.0,39,Rejected
851,491 724 7444,50,Female,Prepaid,98,3,57,76,134.76,108.23,1960.94,2.0,2.0,5,Rejected
852,427 501 7889,30,Male,Postpaid,98,3,127,149,85.19,102.69,1661.66,0.0,0.0,40,Rejected
853,262 379 6035,24,Male,Prepaid,98,3,5,87,162.31,30.2,274.72,1.0,0.0,33,Rejected
854,359 825 4643,32,Male,Postpaid,99,3,126,17,82.68,36.52,1783.31,0.0,1.0,16,Rejected
855,612 276 1404,33,Female,Prepaid,100,3,71,116,196.61,59.11,3428.05,1.0,0.0,26,Rejected
856,925 529 9140,36,Male,Postpaid,100,3,4,26,49.64,69.08,1413.66,0.0,0.0,3,Rejected
857,734 403 4073,53,Male,Postpaid,100,3,184,51,24.95,53.86,1317.23,2.0,0.0,5,Rejected
858,223 955 4171,19,Female,Prepaid,101,3,137,46,159.98,105.31,1407.64,0.0,2.0,19,Rejected
859,322 168 9292,41,Male,Postpaid,101,3,8,32,32.42,74.86,914.42,0.0,0.0,27,Rejected
860,778 297 1742,44,Female,Postpaid,102,3,114,4,28.85,93.74,1484.92,0.0,0.0,18,Rejected
861,631 835 4928,50,Male,Postpaid,102,3,10,80,192.61,75.95,3330.52,1.0,0.0,49,Rejected
862,908 601 7419,39,Female,Postpaid,102,3,186,55,114.96,71.57,2819.81,0.0,1.0,11,Rejected
863,705 205 2858,54,Female,Postpaid,103,3,111,193,57.25,62.35,1574.25,0.0,0.0,17,Rejected
864,886 375 9071,50,Female,Prepaid,103,3,126,34,142.9,53.04,480.15,0.0,0.0,20,Rejected
865,980 336 2628,19,Male,Prepaid,103,3,158,63,54.16,56.35,104.64,0.0,1.0,39,Rejected
866,749 860 7731,21,Female,Postpaid,104,3,129,122,40.1,89.66,1578.49,2.0,2.0,28,Rejected
867,762 746 0669,22,Female,Postpaid,104,3,1,176,165.34,76.34,1070.93,0.0,0.0,47,Rejected
868,228 208 3543,31,Female,Postpaid,104,3,184,169,137.02,60.28,1535.95,1.0,0.0,20,Rejected
869,458 867 4707,31,Male,Postpaid,104,3,84,144,190.65,104.71,1165.44,0.0,0.0,20,Rejected
870,971 373 8003,59,Female,Prepaid,106,3,123,101,195.81,103.66,3151.53,2.0,0.0,43,Rejected
871,486 633 7472,23,Female,Prepaid,106,3,113,150,52.72,80.78,2699.37,0.0,3.0,19,Rejected
872,121 426 2875,31,Female,Postpaid,106,3,120,165,67.86,51.65,1654.53,0.0,1.0,49,Rejected
873,837 542 8211,42,Male,Prepaid,106,3,143,159,194.97,53.38,602.95,0.0,2.0,9,Rejected
874,621 528 1987,21,Male,Postpaid,106,3,2,156,185.86,66.31,610.73,0.0,0.0,18,Rejected
875,937 899 5731,35,Female,Postpaid,107,3,105,83,192.18,69.68,1079.05,1.0,0.0,7,Rejected
876,439 778 0684,49,Male,Prepaid,108,3,51,29,75.46,96.35,1020.43,0.0,0.0,14,Rejected
877,857 601 2548,44,Male,Prepaid,109,3,110,138,155.32,90.22,3285.34,0.0,0.0,29,Rejected
878,622 185 7807,21,Female,Postpaid,109,3,51,102,83.17,71.62,2037.19,0.0,0.0,6,Rejected
879,426 370 1916,57,Female,Postpaid,109,3,45,119,5.36,76.25,778.79,1.0,0.0,13,Rejected
880,591 847 1086,25,Male,Postpaid,111,3,125,120,8.32,89.19,625.45,0.0,0.0,9,Rejected
881,752 433 7668,30,Female,Prepaid,112,3,115,128,1.06,56.58,330.8,2.0,0.0,24,Rejected
882,902 692 3341,59,Female,Postpaid,112,3,52,112,162.44,61.16,85.8,1.0,0.0,22,Rejected
883,572 569 7925,21,Male,Postpaid,112,3,15,82,34.27,55.44,3488.34,0.0,0.0,42,Rejected
884,426 331 9279,39,Female,Postpaid,113,3,174,66,80.18,95.83,3341.04,0.0,1.0,24,Rejected
885,502 641 8720,60,Male,Prepaid,114,3,188,125,61.64,62.44,3508.55,1.0,0.0,11,Rejected
886,457 184 7072,22,Male,Postpaid,115,3,89,177,16.9,99.14,2793.52,1.0,1.0,31,Rejected
887,933 706 1586,54,Female,Postpaid,116,3,113,79,31.95,108.81,3573.74,1.0,1.0,18,Rejected
888,390 942 5576,23,Female,Postpaid,117,3,105,130,8.98,69.6,1438.94,1.0,0.0,19,Rejected
889,248 893 8721,28,Male,Prepaid,117,3,102,122,183.99,92.99,676.57,0.0,1.0,8,Rejected
890,261 785 9028,33,Male,Postpaid,117,3,89,163,98.36,92.39,1978.75,0.0,1.0,26,Rejected
891,542 700 4324,35,Female,Prepaid,118,3,90,5,123.96,43.34,3193.61,0.0,0.0,23,Rejected
892,364 930 3571,39,Male,Postpaid,118,3,91,161,13.82,74.31,1134.09,0.0,0.0,43,Rejected
893,508 490 8176,37,Male,Postpaid,118,3,96,30,71.04,41.19,620.69,0.0,0.0,44,Rejected
894,621 105 0398,50,Male,Postpaid,119,3,157,65,36.89,43.94,3237.72,0.0,0.0,38,Rejected
895,586 733 1964,54,Female,Postpaid,119,3,133,178,149.98,45.47,2604.33,1.0,3.0,18,Rejected
896,592 676 3177,59,Female,Postpaid,120,3,91,39,194.77,48.71,894.45,0.0,1.0,7,Rejected
897,236 165 4187,56,Female,Postpaid,121,3,108,182,191.54,57.6,450.5,3.0,2.0,44,Rejected
898,914 449 5921,54,Female,Prepaid,122,3,86,171,45.09,38.14,1852.31,0.0,0.0,22,Rejected
899,640 619 2170,18,Female,Postpaid,123,3,165,83,13.36,98.35,912.48,0.0,0.0,17,Rejected
900,138 767 4522,18,Female,Postpaid,123,3,118,86,196.15,42.45,1429.12,0.0,1.0,34,Rejected
901,615 247 0870,26,Male,Prepaid,124,3,10,10,25.55,90.5,719.66,0.0,0.0,10,Rejected
902,491 964 7459,34,Female,Postpaid,125,3,127,180,69.02,70.56,727.02,0.0,0.0,35,Rejected
903,557 893 3058,40,Male,Postpaid,127,3,123,110,102.53,37.53,2649.18,0.0,0.0,28,Rejected
904,939 709 5890,56,Male,Postpaid,128,3,2,115,6.7,105.88,2222.18,0.0,0.0,23,Rejected
905,371 155 5161,48,Male,Prepaid,129,3,106,88,150.54,35.91,2164.07,2.0,3.0,8,Rejected
906,346 434 9325,38,Female,Postpaid,130,3,122,141,15.69,45.03,109.53,0.0,1.0,38,Rejected
907,357 525 0435,27,Male,Postpaid,130,3,117,139,90.49,106.09,2715.66,0.0,0.0,43,Rejected
908,341 997 7680,33,Male,Postpaid,130,3,142,154,10.74,36.34,1160.24,0.0,0.0,44,Rejected
909,389 853 6197,31,Female,Prepaid,130,3,59,33,45.11,88.97,595.43,0.0,0.0,3,Rejected
910,821 926 2272,18,Female,Prepaid,132,3,80,121,130.88,88.29,1315.59,1.0,3.0,9,Rejected
911,944 233 6429,38,Female,Postpaid,135,3,76,93,39.55,67.69,2907.09,0.0,1.0,29,Rejected
912,398 430 3547,56,Male,Postpaid,137,3,76,46,147.18,47.37,2611.36,2.0,0.0,48,Rejected
913,687 445 3908,35,Male,Postpaid,137,3,101,188,188.88,109.31,1050.37,0.0,0.0,21,Rejected
914,454 846 0826,52,Male,Prepaid,137,3,125,80,70.9,50.5,3351.55,1.0,0.0,17,Rejected
915,590 700 0418,46,Female,Prepaid,137,3,142,101,130.54,105.99,1009.88,1.0,0.0,28,Rejected
916,500 702 4499,40,Female,Postpaid,139,3,50,47,2.29,72.86,2453.61,1.0,0.0,23,Rejected
917,418 519 3522,26,Male,Prepaid,141,3,22,27,63.69,81.85,3578.79,0.0,0.0,25,Rejected
918,661 274 3631,21,Female,Postpaid,141,3,165,94,74.37,104.58,3063.77,2.0,0.0,9,Rejected
919,621 788 8826,25,Male,Postpaid,143,3,182,154,43.86,62.41,3329.03,0.0,0.0,14,Rejected
920,947 357 1947,58,Male,Prepaid,143,3,139,59,113.8,68.91,277.43,0.0,0.0,8,Rejected
921,639 524 3314,42,Female,Prepaid,144,3,28,117,13.56,87.58,2442.36,0.0,2.0,14,Rejected
922,949 546 6743,49,Male,Postpaid,145,3,2,50,164.07,81.87,1520.9,1.0,0.0,17,Rejected
923,828 359 3246,39,Male,Prepaid,145,3,151,138,162.32,87.75,659.84,3.0,0.0,20,Rejected
924,296 705 4877,31,Female,Postpaid,145,3,83,98,104.33,38.47,674.54,0.0,1.0,14,Rejected
925,872 787 3865,45,Female,Postpaid,145,3,100,184,1.57,63.6,3367.34,0.0,3.0,19,Rejected
926,630 707 4278,20,Female,Postpaid,145,3,49,148,28.91,104.59,1849.47,0.0,1.0,11,Rejected
927,425 270 7078,56,Male,Postpaid,145,3,199,74,151.64,59.98,1061.15,0.0,1.0,5,Rejected
928,660 845 9510,39,Female,Postpaid,146,3,177,105,56.32,33.55,2043.31,0.0,1.0,41,Rejected
929,358 472 3558,51,Female,Postpaid,147,3,82,106,61.29,71.76,1860.08,0.0,0.0,48,Rejected
930,943 269 1894,26,Female,Postpaid,147,3,76,183,113.23,97.83,2189.4,2.0,0.0,8,Rejected
931,479 661 7710,23,Male,Prepaid,148,3,122,186,2.52,95.76,3386.51,0.0,1.0,12,Rejected
932,782 826 2503,19,Female,Postpaid,149,3,182,3,70.08,101.53,2497.99,0.0,0.0,2,Rejected
933,482 444 1219,26,Female,Postpaid,150,3,33,196,148.33,51.03,2038.61,0.0,0.0,30,Rejected
934,277 604 1052,36,Female,Postpaid,150,3,24,104,67.98,41.44,2512.13,1.0,0.0,34,Rejected
935,386 495 0335,28,Male,Postpaid,151,3,155,76,97.78,55.4,1641.19,1.0,3.0,30,Rejected
936,228 363 9688,51,Male,Postpaid,152,3,187,103,44.28,31.69,1829.49,0.0,0.0,26,Rejected
937,360 582 4274,31,Female,Prepaid,153,3,71,141,146.9,70.98,663.92,2.0,3.0,46,Rejected
938,470 244 6181,35,Female,Prepaid,153,3,134,145,95.03,54.69,2376.5,1.0,1.0,42,Rejected
939,552 163 9498,31,Female,Prepaid,153,3,80,65,141.77,61.37,936.75,1.0,3.0,23,Rejected
940,919 311 9380,59,Male,Postpaid,153,3,176,80,49.82,64.33,524.23,1.0,0.0,29,Rejected
941,106 164 9352,24,Female,Postpaid,153,3,173,86,40.02,93.26,3016.93,0.0,2.0,30,Rejected
942,964 705 7625,50,Female,Postpaid,154,3,186,96,29.34,101.21,3264.29,0.0,3.0,40,Rejected
943,544 372 7609,39,Female,Postpaid,154,3,43,93,145.18,89.83,1739.64,2.0,0.0,47,Rejected
944,548 931 9182,54,Male,Postpaid,154,3,130,55,97.34,105.19,944.18,0.0,1.0,21,Rejected
945,249 852 1315,44,Male,Postpaid,155,3,180,68,134.39,77.39,675.89,0.0,0.0,23,Rejected
946,546 605 7780,37,Male,Postpaid,157,3,198,14,99.01,56.79,2529.24,0.0,0.0,14,Rejected
947,514 313 5708,58,Female,Postpaid,158,3,61,8,17.19,54.5,120.78,0.0,0.0,16,Rejected
948,244 889 4826,52,Female,Postpaid,158,3,97,177,151.42,39.6,2275.13,0.0,0.0,33,Rejected
949,139 948 2342,41,Male,Postpaid,159,3,41,121,112.83,72.39,1438.11,0.0,0.0,42,Rejected
950,812 537 4843,57,Male,Postpaid,160,3,137,89,2.15,86.33,1778.42,1.0,1.0,48,Rejected
951,282 160 3947,60,Female,Postpaid,160,3,111,54,6.02,38.12,829.24,0.0,1.0,41,Rejected
952,754 875 4618,25,Male,Prepaid,160,3,41,167,91.0,54.69,522.4,0.0,1.0,15,Rejected
953,452 491 7450,24,Male,Postpaid,162,3,94,4,144.41,66.13,2705.05,2.0,0.0,5,Rejected
954,494 379 8499,52,Male,Postpaid,162,3,125,28,97.23,76.02,2689.71,2.0,0.0,7,Rejected
955,129 386 1481,23,Male,Postpaid,162,3,160,9,143.9,44.45,1223.69,0.0,0.0,1,Rejected
956,518 788 4588,51,Male,Postpaid,163,3,124,121,149.65,43.95,455.75,0.0,0.0,7,Rejected
957,186 560 0911,54,Female,Postpaid,164,3,83,10,2.95,75.07,1701.61,0.0,0.0,20,Rejected
958,966 469 2266,48,Female,Postpaid,164,3,59,86,61.77,82.86,1610.96,0.0,1.0,33,Rejected
959,456 412 8165,56,Male,Prepaid,164,3,100,18,38.37,40.29,2887.63,1.0,0.0,26,Rejected
960,134 285 2681,23,Male,Postpaid,167,3,144,91,126.74,89.32,2191.55,1.0,0.0,6,Rejected
961,602 249 6954,53,Male,Prepaid,168,3,13,154,195.79,44.3,2227.07,0.0,2.0,42,Rejected
962,142 259 6126,40,Male,Postpaid,169,3,178,4,66.41,41.66,2826.83,0.0,1.0,49,Rejected
963,286 748 3580,23,Male,Postpaid,170,3,142,145,88.1,44.71,2297.49,3.0,1.0,6,Rejected
964,193 866 1583,25,Female,Prepaid,170,3,151,32,87.0,50.31,1860.58,0.0,1.0,25,Rejected
965,295 588 2228,21,Female,Postpaid,170,3,57,184,94.11,85.58,1927.93,2.0,0.0,38,Rejected
966,381 109 5739,27,Male,Postpaid,170,3,97,43,176.84,92.75,2766.58,2.0,1.0,10,Rejected
967,372 277 9872,34,Female,Postpaid,171,3,131,55,160.92,62.47,89.63,1.0,0.0,31,Rejected
968,781 881 5826,57,Female,Postpaid,171,3,16,150,33.65,61.92,1070.5,1.0,1.0,1,Rejected
969,392 742 1126,27,Female,Postpaid,172,3,110,161,110.82,83.92,1036.56,3.0,0.0,27,Rejected
970,705 224 4794,47,Female,Postpaid,173,3,78,81,26.68,92.8,1611.4,2.0,0.0,31,Rejected
971,829 726 2612,20,Female,Postpaid,173,3,72,183,178.47,56.15,86.54,0.0,0.0,17,Rejected
972,234 348 5184,41,Male,Postpaid,173,3,101,25,7.27,48.18,672.01,0.0,0.0,13,Rejected
973,331 312 9800,21,Female,Prepaid,173,3,150,36,20.55,54.33,1207.37,1.0,0.0,15,Rejected
974,990 520 6040,56,Female,Postpaid,175,3,96,27,77.06,107.86,1260.34,0.0,0.0,30,Rejected
975,986 919 0459,44,Male,Postpaid,177,3,161,122,135.96,76.15,1281.91,1.0,0.0,3,Rejected
976,253 422 0932,48,Female,Prepaid,178,3,106,63,67.02,45.0,238.13,0.0,0.0,34,Rejected
977,901 940 7066,24,Male,Prepaid,178,3,155,27,159.73,35.33,177.5,0.0,0.0,30,Rejected
978,310 889 5105,47,Male,Prepaid,180,3,187,98,97.75,61.11,2967.13,0.0,0.0,40,Rejected
979,770 456 7036,43,Male,Prepaid,180,3,197,192,56.56,85.6,3496.17,0.0,2.0,42,Rejected
980,128 568 6658,22,Male,Postpaid,181,3,186,20,192.91,71.7,778.34,0.0,0.0,10,Rejected
981,213 748 6492,45,Male,Postpaid,183,3,111,103,96.35,53.17,274.16,0.0,0.0,27,Rejected
982,945 248 6891,35,Male,Postpaid,183,3,103,14,40.65,101.09,202.81,0.0,0.0,19,Rejected
983,930 162 1656,42,Female,Postpaid,183,3,50,100,169.31,30.72,1848.22,0.0,0.0,3,Rejected
984,907 510 9842,43,Male,Postpaid,183,3,148,47,161.39,100.88,1956.8,0.0,0.0,8,Rejected
985,366 242 5758,51,Female,Postpaid,184,3,64,157,4.35,71.85,1746.19,0.0,0.0,8,Rejected
986,206 883 9245,39,Male,Prepaid,185,3,126,155,169.65,56.78,1129.77,1.0,0.0,36,Rejected
987,798 255 8950,33,Male,Postpaid,186,3,71,119,199.21,42.68,459.23,2.0,0.0,22,Rejected
988,384 515 5283,39,Female,Postpaid,187,3,18,97,91.92,88.88,2124.45,0.0,0.0,40,Rejected
989,756 590 0513,37,Female,Prepaid,187,3,114,193,198.09,68.73,1672.82,1.0,0.0,37,Rejected
990,412 420 1638,29,Male,Postpaid,189,3,170,94,62.36,56.09,1487.48,3.0,0.0,39,Rejected
991,935 838 1019,28,Male,Postpaid,189,3,109,175,2.44,73.46,1063.74,0.0,1.0,31,Rejected
992,968 594 5187,29,Male,Postpaid,189,3,75,177,158.0,82.56,3085.97,0.0,0.0,18,Rejected
993,562 775 7190,23,Male,Postpaid,192,3,36,129,151.61,107.44,1130.75,2.0,0.0,44,Rejected
994,697 424 8541,48,Female,Postpaid,192,3,178,81,121.9,42.78,1339.76,0.0,3.0,47,Rejected
995,672 103 2115,52,Female,Prepaid,193,3,10,7,125.55,77.51,977.44,1.0,0.0,23,Rejected
996,233 142 9727,43,Male,Postpaid,193,3,36,60,84.04,42.88,1025.54,0.0,0.0,9,Rejected
997,187 159 3166,48,Male,Postpaid,196,3,66,39,53.26,90.64,1495.79,3.0,0.0,28,Rejected
998,170 519 9906,58,Female,Prepaid,197,3,177,188,98.07,105.54,2393.85,0.0,0.0,1,Rejected
999,328 490 8915,60,Male,Postpaid,199,3,168,193,119.55,91.09,1362.87,0.0,1.0,27,Rejected
